,Compound,Date,Negative,Neutral,News Channel,Positive,Tweet Text,Tweets Ago
0,0.4215,Sat Sep 29 20:32:03 +0000 2018,0.743,0.0,@BBC,0.257,Chile has launched a huge hiking route through its Patagonian wilderness. üå≤üòçüèî  https://t.co/WFIcKZe5Hv https://t.co/RLKjTx2Emo,1
1,0.4215,Sat Sep 29 17:02:12 +0000 2018,0.865,0.0,@BBC,0.135,üê£üòç Conservationists have been monitoring the progress of rare Leach's storm petrel chicks on the remote Scottish ar‚Ä¶ https://t.co/KzMHUIysAO,2
2,-0.7003,Sat Sep 29 16:01:07 +0000 2018,0.707,0.293,@BBC,0.0,"'My children bought back the car I sold to pay for wife's cancer treatment'. ‚ù§Ô∏èÔ∏èüöò

https://t.co/xOJwzbgGlE https://t.co/Tx3WYCkCXu",3
3,0.5499,Sat Sep 29 15:54:38 +0000 2018,0.871,0.0,@BBC,0.129,"RT @BBCEngland: Benny the beluga whale is spending his fifth day in the Thames but appears to be healthy and swimming normally, the Port of‚Ä¶",4
4,0.7088,Sat Sep 29 15:02:04 +0000 2018,0.671,0.0,@BBC,0.329,"Always start by playing paper! üëä‚úã‚úåÔ∏è

This is how to win at rock-paper-scissors... 

https://t.co/2VzUFq74FT",5
5,0.0,Sat Sep 29 14:03:07 +0000 2018,1.0,0.0,@BBC,0.0,"'What do I know her from again?' ü§îüì∫

These are the TV actors who pop up in everything. https://t.co/XLQBs5bE5p https://t.co/DJWV8U3OhY",6
6,-0.5256,Sat Sep 29 13:01:07 +0000 2018,0.747,0.253,@BBC,0.0,"This is the world's most dangerous city to be a woman. 

https://t.co/v1qrWFF6B6",7
7,-0.186,Sat Sep 29 11:03:02 +0000 2018,0.616,0.227,@BBC,0.156,"""New York City is underwhelming"". üò≥üò≥üò≥
 
#UnpopularOpinion was HARSH this week. üòÇ @gregjames

https://t.co/pSz5eP8YbR",8
8,0.4939,Sat Sep 29 10:03:05 +0000 2018,0.819,0.0,@BBC,0.181,"What's it like growing up with tourettes?

Brother and sister Jack and Rebecca describe how people react to their t‚Ä¶ https://t.co/VXY3jdCbEu",9
9,-0.5267,Sat Sep 29 09:01:02 +0000 2018,0.746,0.254,@BBC,0.0,"This school became a national leader by focusing on a neglected subject... 

https://t.co/5c7iSPT3rc",10
10,0.6808,Sat Sep 29 08:11:46 +0000 2018,0.763,0.0,@BBC,0.237,RT @BBCOne: .@LadyGaga &amp; Jodie Whittaker playing the #DoctorWho theme tune on the theremin is a joy to behold. #TheGNShow https://t.co/0aLu‚Ä¶,11
11,-0.1022,Sat Sep 29 08:05:03 +0000 2018,0.746,0.136,@BBC,0.118,"""I've broken around 80 bones"". üò¨üè•

Meet the man who can't feel pain. üëâ https://t.co/6qsfeQmIct https://t.co/6jXkhYCTza",12
12,0.0,Sat Sep 29 07:03:06 +0000 2018,1.0,0.0,@BBC,0.0,"Say hello to baby Omo, a rare albino squirrel... üòçüêøÔ∏è

https://t.co/FVppFQSOJw",13
13,0.0,Sat Sep 29 06:31:00 +0000 2018,1.0,0.0,@BBC,0.0,"Over the last 50 years, the flesh-footed shearwater population has dropped by 30%.

Plastic is a major cause of the‚Ä¶ https://t.co/827iYwzryJ",14
14,0.3595,Fri Sep 28 20:31:03 +0000 2018,0.865,0.0,@BBC,0.135,"The Graham Norton Show is back! Tonight Bradley Cooper, @ladygaga, Jodie Whittaker and @ryangosling join @grahnort‚Ä¶ https://t.co/prBbKLrkaO",15
15,-0.126,Fri Sep 28 18:32:03 +0000 2018,0.846,0.089,@BBC,0.065,"It's the Celebrity MasterChef final! After six gruelling weeks, just two tough challenges stand between the three r‚Ä¶ https://t.co/mLCixMGG8v",16
16,0.7003,Fri Sep 28 16:03:07 +0000 2018,0.655,0.0,@BBC,0.345,"Science has confirmed: cats are nice. üòª

https://t.co/nTtAUxYl6v https://t.co/kI8XYPICjA",17
17,0.1531,Fri Sep 28 15:01:02 +0000 2018,0.882,0.0,@BBC,0.118,"üòÆüêô You need to watch this seal slap a man with an octopus... 

https://t.co/Njn1fsWeXX",18
18,0.0,Fri Sep 28 14:03:07 +0000 2018,1.0,0.0,@BBC,0.0,In pictures: Politician mothers take their babies to work. üë∂üì∑ https://t.co/wZ4NmFwkOn https://t.co/BTtyJu1WSX,19
19,-0.5346,Fri Sep 28 12:33:00 +0000 2018,0.478,0.345,@BBC,0.177,"Why do we love bees, but hate wasps? https://t.co/2CM65SLLyE",20
20,0.6597,Fri Sep 28 11:04:06 +0000 2018,0.691,0.082,@BBC,0.227,"What kind of snack would you be? ü§î

Kids asking Tom Hardy difficult questions is the best thing you'll see today. üòÇ‚Ä¶ https://t.co/8iFXGQhKlz",21
21,0.0,Fri Sep 28 10:24:29 +0000 2018,1.0,0.0,@BBC,0.0,"RT @BBCWomansHour: The üö®TOP 10üö® #WomenInMusic on the #WHPowerList have been revealed! üåü Featuring the most iconic performers, heads of labe‚Ä¶",22
22,-0.296,Fri Sep 28 10:02:06 +0000 2018,0.879,0.121,@BBC,0.0,"‚ù§Ô∏è This story of a missing 49-year-old father is the most moving thing you'll watch today. 

https://t.co/8CYggzS9Hj",23
23,0.5719,Fri Sep 28 09:40:18 +0000 2018,0.829,0.0,@BBC,0.171,"RT @bbcmusic: How are you celebrating #BBCMusicDay today? 

Here's 9 Things to watch out for, including @George_Ezra reading a bedtime stor‚Ä¶",24
24,-0.5994,Fri Sep 28 09:04:01 +0000 2018,0.738,0.262,@BBC,0.0,"How would you cope if you knew how you might die?

https://t.co/VbAFmeDCXQ",25
25,0.5859,Fri Sep 28 08:04:02 +0000 2018,0.833,0.0,@BBC,0.167,"Eggs as conditioner? ü•öü§∑

Experts rate the beauty tips that our mums swore by. üëâ https://t.co/HGSuMbUNOj https://t.co/uoUg0LYfQp",26
26,0.3818,Fri Sep 28 07:32:06 +0000 2018,0.867,0.0,@BBC,0.133,"Are children getting too much homework in the UK? üìöüñç

Comedian @robdelaney says kids' workload is ""madness"".‚Ä¶ https://t.co/i16FsfwKNb",27
27,0.6808,Fri Sep 28 07:01:05 +0000 2018,0.728,0.0,@BBC,0.272,"Here's some useful advice on how you can help hedgehogs at this time of year. ü¶î

https://t.co/TKgF4H0ktl",28
28,0.2263,Thu Sep 27 17:02:07 +0000 2018,0.756,0.089,@BBC,0.155,"This is the quiz where you have to play the answer as well as say it. Famous faces battle it out, testing their ski‚Ä¶ https://t.co/WXXa78QNdD",29
29,-0.128,Thu Sep 27 16:03:09 +0000 2018,0.933,0.067,@BBC,0.0,Got a bag of frozen peas lurking at the back of the freezer? Here are 7 things you can do with them. üòãüç¥‚Ä¶ https://t.co/innpVg70hh,30
30,-0.5574,Thu Sep 27 15:31:07 +0000 2018,0.806,0.194,@BBC,0.0,"John Cunliffe, creator of Postman Pat and Rosie and Jim, has died aged 85. https://t.co/OoHcAgZsu5 https://t.co/PEwPmaItNP",31
31,0.5719,Thu Sep 27 15:06:35 +0000 2018,0.829,0.0,@BBC,0.171,"Flying squirrels are secretive creatures but if you're lucky, you might meet one. Or two. Or three. üòÆüêø

https://t.co/vx8aM2dHRt",32
32,-0.4201,Thu Sep 27 14:03:05 +0000 2018,0.883,0.117,@BBC,0.0,"""It's very difficult not to tie your self-worth to the size of your audience"".

@hankgreen on the darker side of in‚Ä¶ https://t.co/EF0u3XM6Nj",33
33,0.4939,Thu Sep 27 13:46:00 +0000 2018,0.878,0.0,@BBC,0.122,"If half of the UK switched to reusable water bottles, we'd save enough plastic to stretch to the moon and back in j‚Ä¶ https://t.co/HEtqsCQbly",34
34,0.0,Thu Sep 27 13:10:27 +0000 2018,1.0,0.0,@BBC,0.0,RT @BBCNews: Postman Pat and Rosie and Jim author John Cunliffe dies https://t.co/VPI0iFKwaA,35
35,-0.4019,Thu Sep 27 13:03:06 +0000 2018,0.476,0.299,@BBC,0.225,"""Dear haters, you're going to hate this."" 

Oliver reacts to Scotland's 'Dear Transphobes' campaign.

https://t.co/uayhqEP7jP",36
36,0.0,Thu Sep 27 12:32:06 +0000 2018,1.0,0.0,@BBC,0.0,"What a moment! üòÆ üêô

A man has been filmed being slapped in the face with a large octopus thrown by a seal. üëâ‚Ä¶ https://t.co/QxUgZSSXnX",37
37,-0.7579,Thu Sep 27 11:03:03 +0000 2018,0.649,0.351,@BBC,0.0,"Millions of seahorses are caught every year, threatening their global survival. üíî

https://t.co/CUYoiiYtXa",38
38,0.0,Thu Sep 27 10:44:32 +0000 2018,1.0,0.0,@BBC,0.0,"RT @BBCTwo: BBC Two just got a brand new look.

Check out some of our new Idents in all their glory‚Ä¶

More info here: https://t.co/5WJBbgGY‚Ä¶",39
39,-0.4753,Thu Sep 27 10:02:02 +0000 2018,0.846,0.154,@BBC,0.0,"We feel for Deirdre trying to answer some of these... it's unlikely Agony Aunt letters! ‚úâÔ∏èüòÇ #MockTheWeek

https://t.co/iUev3YVy9v",40
40,0.8697,Thu Sep 27 09:04:05 +0000 2018,0.62,0.0,@BBC,0.38,"Talk about an anticlimax!

When these rescue workers were called to save a drowning man, they got a HUGE surprise..‚Ä¶ https://t.co/PAVPpirEj0",41
41,0.7964,Thu Sep 27 08:04:04 +0000 2018,0.678,0.056,@BBC,0.265,"""It was probably the end of the night and I was definitely ready for my bed."" üòÇ

When a photo of you in a nightclub‚Ä¶ https://t.co/asnG7gQrC9",42
42,0.5411,Thu Sep 27 07:32:04 +0000 2018,0.838,0.0,@BBC,0.162,"Up, up and away! These enormous kites took to the sky at a festival in Germany. üå¨  https://t.co/HSIAQAQQE9 https://t.co/iIWX5ERx8I",43
43,0.5551,Thu Sep 27 07:04:02 +0000 2018,0.661,0.0,@BBC,0.339,"So cute! üòçüê£ Meet Germany's 'Papa Goose'... 

https://t.co/3NtLqZQcnm",44
44,0.0,Wed Sep 26 20:03:06 +0000 2018,1.0,0.0,@BBC,0.0,The 14th Century house used as the birthplace of Harry Potter is still up for sale. ‚ö°Ô∏èüìñ  https://t.co/dcspAsDKrg https://t.co/NEOGYEkwBr,45
45,0.0,Wed Sep 26 19:07:05 +0000 2018,1.0,0.0,@BBC,0.0,"üì¨Do not post crisp packets to Walkers, says Royal Mail ‚û°Ô∏è

https://t.co/3JbgtRfiBQ https://t.co/VWRXGKC9nJ",46
46,0.0,Wed Sep 26 16:02:05 +0000 2018,1.0,0.0,@BBC,0.0,"Did the Duchess of Sussex break protocol when she closed her car door? 

https://t.co/o2n2k0msfU https://t.co/qYmnjcI0ZM",47
47,0.659,Wed Sep 26 15:03:05 +0000 2018,0.597,0.0,@BBC,0.403,"This puffer fish creates something absolutely breathtaking. üê°üò≤ #LifeStory 

https://t.co/mxU7VERaCI",48
48,-0.25,Wed Sep 26 14:04:00 +0000 2018,0.917,0.083,@BBC,0.0,"RT @bbcweather: From today, night is longer than day. üåÉ/‚òÄ and the darkness is increasing at a rate of 4/5mins a day. Jo #Autumn https://t.c‚Ä¶",49
49,0.0,Wed Sep 26 14:03:03 +0000 2018,1.0,0.0,@BBC,0.0,"Archaeologists have found a 400-year-old shipwreck off the coast of Portugal, in what one specialist called the ""di‚Ä¶ https://t.co/YP9fuo5Iz7",50
50,-0.1027,Wed Sep 26 13:04:06 +0000 2018,0.59,0.229,@BBC,0.181,"Another grand slam for @Andy_Murray üò¨

The tennis star took to Instagram to share the awkward moment he dropped a c‚Ä¶ https://t.co/fXEFv5P9Nz",51
51,0.0,Wed Sep 26 12:32:03 +0000 2018,1.0,0.0,@BBC,0.0,An orangutan named Rocky has become the first to mimic human speech. üôäüí¨  https://t.co/DIGdTHwpNq https://t.co/MeQwgxocmm,52
52,0.0,Wed Sep 26 12:30:08 +0000 2018,1.0,0.0,@BBC,0.0,"It‚Äôs National #FitnessDay! üèÄÔ∏è‚öΩÔ∏èüéæ

How much do you really know about exercise? 

Take this quiz to find out‚Ä¶‚Ä¶ https://t.co/8t1SMXLZp2",53
53,0.0,Wed Sep 26 11:02:01 +0000 2018,1.0,0.0,@BBC,0.0,"It's that time of year again... üôÑ

https://t.co/LxjiPTYUIG",54
54,0.3182,Wed Sep 26 10:46:44 +0000 2018,0.874,0.0,@BBC,0.126,RT @BBCRadio4: üé∂ Prepare for adventure as @gemcairn takes @KojeyRadical on a musical journey to Accra... https://t.co/mvTfrBzlnB,55
55,0.0,Wed Sep 26 10:04:04 +0000 2018,1.0,0.0,@BBC,0.0,"What. A. Voice. üòÆüëè

7-year-old Malea Emma was asked to sing the national anthem before an LA Galaxy game...

https://t.co/WHmbmTKkyU",56
56,0.0,Wed Sep 26 09:53:51 +0000 2018,1.0,0.0,@BBC,0.0,RT @BBCLater: Record-breaking UK solo artist @JessGlynne got our brand new series off to a storming start tonight... Watch the performance‚Ä¶,57
57,0.0,Wed Sep 26 09:04:04 +0000 2018,1.0,0.0,@BBC,0.0,"Discover the ancient volcanoes along Scotland‚Äôs west coast... üòÆüåã

https://t.co/kEPUuvtDN3",58
58,0.4767,Wed Sep 26 08:04:03 +0000 2018,0.479,0.168,@BBC,0.353,How to help a friend who's struggling with mental health. https://t.co/X9PwihsgH9 https://t.co/0lUMrtmb1j,59
59,0.0,Wed Sep 26 07:31:04 +0000 2018,1.0,0.0,@BBC,0.0,"Students can take a David Bowie course at Leeds University. ‚úçüéì 

üìªüëâ https://t.co/4jPPrnAK5S https://t.co/0ISuNTEZ5b",60
60,0.0,Wed Sep 26 07:02:07 +0000 2018,1.0,0.0,@BBC,0.0,"From Hawarden to Mount Snowdon, it's #MonkmanAndSeagull's Guide To Wales! üôå @e_monkman @bobby_seagull 

https://t.co/witW8qatbV",61
61,0.296,Tue Sep 25 20:03:05 +0000 2018,0.855,0.0,@BBC,0.145,"Tonight @JessGlynne, @idlesband, @softcellhq, @Ralph_McTell, @KingPrincess69 and @HakBaker join Jools on the first‚Ä¶ https://t.co/Lb6VCJ3eQI",62
62,0.4019,Tue Sep 25 19:03:06 +0000 2018,0.863,0.0,@BBC,0.137,"Christopher Eccleston narrates a film which asks whether, a century later, the lessons learnt in 1918 might help us‚Ä¶ https://t.co/BiR6nIr1bz",63
63,0.0,Tue Sep 25 16:32:49 +0000 2018,1.0,0.0,@BBC,0.0,"RT @BBCOne: **BREAKING** Meet your 2018 candidates, as introduced by @MattEdmondson on @bbciplayer &gt;&gt; https://t.co/oUaGVpPBuf

#TheApprenti‚Ä¶",64
64,0.6114,Tue Sep 25 16:02:03 +0000 2018,0.715,0.0,@BBC,0.285,"Happy birthday to the one and only Will Smith! üéâüéà

https://t.co/CqmihTvPYW",65
65,0.5267,Tue Sep 25 15:02:02 +0000 2018,0.685,0.089,@BBC,0.226,".@BTS_twt have now gone where no K-pop group has gone before: The United Nations.

In a powerful speech, Kim Nam-jo‚Ä¶ https://t.co/bkZFU5VfFX",66
66,0.0,Tue Sep 25 14:00:23 +0000 2018,1.0,0.0,@BBC,0.0,"üî§Scrabble players will now be able to use words such as ""OK"" and ""ew"" after a US dictionary company announced it wa‚Ä¶ https://t.co/kMHWzb8Gwi",67
67,0.0,Tue Sep 25 13:05:02 +0000 2018,1.0,0.0,@BBC,0.0,"In Sweden, you get paid double to be a parent.

(Via @BBCThree)

https://t.co/daXes3fiZX",68
68,0.0,Tue Sep 25 12:32:05 +0000 2018,1.0,0.0,@BBC,0.0,Indonesian teenager survives 49 days adrift at sea in 'fishing hut'. https://t.co/5rKpohNfRi https://t.co/qlRvoxZGe2,69
69,0.0,Tue Sep 25 11:03:05 +0000 2018,1.0,0.0,@BBC,0.0,"This is what happens when you teach African teenage girls to fly. ‚úàÔ∏è

https://t.co/1Kp4Ael1FO",70
70,0.0,Tue Sep 25 10:39:01 +0000 2018,1.0,0.0,@BBC,0.0,"RT @bbcpress: üëâ Meet the new #TheApprentice contestants. Who will be the first to hear the words ""you're fired""? Series starts 3 October on‚Ä¶",71
71,0.0,Tue Sep 25 10:03:02 +0000 2018,1.0,0.0,@BBC,0.0,"Who knew eating a pizza could be this filthy? üòÇüçï #QI

https://t.co/eeYWlRL9eV",72
72,0.4215,Tue Sep 25 08:53:02 +0000 2018,0.872,0.0,@BBC,0.128,"‚ôªÔ∏è It's so different from place to place‚Ä¶ is there an easier way to sort this plastic recycling? 

https://t.co/75TG6dddQd",73
73,0.2263,Tue Sep 25 08:30:00 +0000 2018,0.787,0.0,@BBC,0.213,"Plastic is everywhere. Are you surprised?

#PlasticsWatch https://t.co/q1QXHYgYAR",74
74,0.0,Tue Sep 25 08:02:07 +0000 2018,1.0,0.0,@BBC,0.0,"ü§îüé®Quiz: Can you guess which musicians painted these pictures?

https://t.co/CNo9uMGasj https://t.co/YrQeRins9E",75
75,0.6369,Tue Sep 25 07:32:06 +0000 2018,0.769,0.0,@BBC,0.231,"üéìWhat's the best university name in the world to put on a job application?

https://t.co/2uEYRC075L https://t.co/tLmNn6W4Rt",76
76,0.6369,Mon Sep 24 20:45:07 +0000 2018,0.802,0.0,@BBC,0.198,"Ô∏è‚öΩÔ∏èüèÜ @HKane, @hazardeden10 and @MoSalah are on the shortlist for the best men's player, while England's @LucyBronze‚Ä¶ https://t.co/3cD3mKTSMk",77
77,-0.34,Mon Sep 24 18:02:07 +0000 2018,0.888,0.112,@BBC,0.0,"Keeping the head on is an unwritten rule of the job... üò≥Ô∏è‚öΩÔ∏è

A video of Colorado's football mascot accidentally sho‚Ä¶ https://t.co/vn9YzZeMLj",78
78,-0.2714,Mon Sep 24 16:32:08 +0000 2018,0.901,0.099,@BBC,0.0,"‚ú®üï∫üíÉ @ZoeTheBall is back to give the lowdown on this series of @BBCStrictly!

Strictly - It Takes Two | 6:30pm |‚Ä¶ https://t.co/6rLJAtcYYx",79
79,0.0,Mon Sep 24 16:26:11 +0000 2018,1.0,0.0,@BBC,0.0,"RT @BBCOne: We're doing this to the letter, fellas. #LineOfDuty is back in t-w-e-n-t-y n-i-n-e-t-e-e-n. @martin_compston @Vicky_McClure htt‚Ä¶",80
80,0.2144,Mon Sep 24 15:53:55 +0000 2018,0.773,0.099,@BBC,0.128,RT @BBCOne: How easy is it to get help for mental health when you need it? 14-year-old Jess was refused treatment for anxiety but went on t‚Ä¶,81
81,0.0,Mon Sep 24 15:17:27 +0000 2018,1.0,0.0,@BBC,0.0,"RT @bbcdoctorwho: 1,2,3,4‚Ä¶. Thirteen #DoctorWho #Sheffield https://t.co/xaDWu2DmtF",82
82,0.0,Mon Sep 24 15:06:34 +0000 2018,1.0,0.0,@BBC,0.0,"Papa‚Ä¶ what? ü§îüòÇ 

A new series of Letterbox starts today at 6pm on @BBCTwo. 
https://t.co/NLP3Hx0YSK https://t.co/c8myHijbdz",83
83,0.6361,Mon Sep 24 13:59:07 +0000 2018,0.705,0.0,@BBC,0.295,"‚úàÔ∏èIs this one of the world's most beautiful airports?

https://t.co/ewqnUMEhZY https://t.co/aFxlQBAET6",84
84,-0.2247,Mon Sep 24 13:01:06 +0000 2018,0.873,0.127,@BBC,0.0,"So. Awkward. üçóüò≥üòÇ

When @lilyallen had to turn down chicken wings from @Drake... 

https://t.co/4pCjbGbUjY",85
85,0.6597,Mon Sep 24 11:36:41 +0000 2018,0.787,0.0,@BBC,0.213,"RT @bbcpress: Who were your #BluePeter presenters growing up? üéÇ6‚É£0‚É£üéÇ The @CBBC show will celebrate 60 years next month. Facts, interviews a‚Ä¶",86
86,0.4019,Mon Sep 24 11:08:45 +0000 2018,0.828,0.0,@BBC,0.172,"Christina set up ‚ÄòSandwich Angels‚Äô to help feed Manchester‚Äôs homeless community. (Via @bbcthree)

https://t.co/Xq0WVgZFFe",87
87,0.0,Mon Sep 24 10:02:07 +0000 2018,1.0,0.0,@BBC,0.0,"""Girls have rights and I have rights to an education."" üíõ

This young woman choose to teach instead of becoming a te‚Ä¶ https://t.co/lFAjrelhXI",88
88,-0.128,Mon Sep 24 09:03:02 +0000 2018,0.889,0.111,@BBC,0.0,"üò≥üòÇ ""I'm going to leave it there because the lawyers are on the phone""

When @BBCSimonMcCoy sat down for a serious i‚Ä¶ https://t.co/HAuyMtgM2c",89
89,0.7184,Mon Sep 24 08:49:40 +0000 2018,0.769,0.0,@BBC,0.231,"RT @BBCSportWales: Are you brave enough to dive off a cliff? 

This teenager is - and he's about to make history üò≤ https://t.co/8fOgNK7URM",90
90,0.0,Mon Sep 24 08:02:05 +0000 2018,1.0,0.0,@BBC,0.0,Mosquitoes are transferring plastics into the food chain. üëâ https://t.co/tjdOPX0zrn https://t.co/O4VxfryLpA,91
91,0.0,Mon Sep 24 07:31:07 +0000 2018,1.0,0.0,@BBC,0.0,There are plans for scientists in Russia to attempt to bring woolly mammoths back from extinction. üî¨‚Ä¶ https://t.co/31HyafKzgN,92
92,0.0,Mon Sep 24 07:02:04 +0000 2018,1.0,0.0,@BBC,0.0,This is the most hardcore baptism you‚Äôll ever see - a mum carrying her baby to a church up a near-vertical cliff fa‚Ä¶ https://t.co/RXxvIRWdyS,93
93,0.128,Sun Sep 23 22:04:30 +0000 2018,0.773,0.103,@BBC,0.124,"RT @BBCOne: 157 crew.
88 shoot days.
56 cast.
23 stunt performers.
6 episodes.
2 directors.
1 writer.
1 epic finale. 

Thanks for watching‚Ä¶",94
94,-0.7398,Sun Sep 23 20:32:23 +0000 2018,0.712,0.288,@BBC,0.0,"RT @BBCOne: Just David Budd, having the epitome of a VERY BAD DAY. #Bodyguard https://t.co/uuz9xTSusb",95
95,0.4939,Sun Sep 23 19:04:06 +0000 2018,0.714,0.071,@BBC,0.214,"Get ready to learn the truth.

Don‚Äôt miss the epic finale of #Bodyguard. Tonight at 9pm on @BBCOne.

https://t.co/WBN1aXFHDl",96
96,0.0,Sun Sep 23 18:02:04 +0000 2018,1.0,0.0,@BBC,0.0,"ü§îüìÜ Quiz: Can you guess which celebrity is the oldest? 

https://t.co/EVdI3SRIxf https://t.co/7hc2mzrx3B",97
97,0.5267,Sun Sep 23 17:02:01 +0000 2018,0.708,0.071,@BBC,0.221,"Falling leaves, dramatic skies, misty mornings... üçÇüå∞ü¶ä

7 signs that autumn is well and truly on its way. üëâ‚Ä¶ https://t.co/iNXWoE3zcW",98
98,0.3818,Sun Sep 23 16:04:03 +0000 2018,0.755,0.0,@BBC,0.245,"'We're in love but never have sex'. 

https://t.co/IOgVh8eiFC https://t.co/dCLDcKhQ0Y",99
99,0.8058,Sun Sep 23 15:03:04 +0000 2018,0.553,0.0,@BBC,0.447,"Sea dragons are so elegant üòç #Oceans

https://t.co/yulAjV8D0S",100
100,0.0,Fri Sep 28 22:22:01 +0000 2018,1.0,0.0,@CBS,0.0,"On @colbertlateshow, @TheNeighborhood's @CedEntertainer and Stephen recall the first time they met on a night when‚Ä¶ https://t.co/vjz1zVg4sR",1
101,0.0,Fri Sep 28 20:16:14 +0000 2018,1.0,0.0,@CBS,0.0,".@happytogether's @wayansjr, @HereIsGina &amp; @latelateshow discuss the pros and cons of living with a pop star. Con:‚Ä¶ https://t.co/PLXFxfheW7",2
102,0.0,Fri Sep 28 17:52:41 +0000 2018,1.0,0.0,@CBS,0.0,"If you haven't seen @SEALTeamCBS, make it your mission to know them before the #SEALTeam Season 2 premiere October‚Ä¶ https://t.co/NhCPI3lZSV",3
103,0.0,Fri Sep 28 16:51:50 +0000 2018,1.0,0.0,@CBS,0.0,"‚ö°Ô∏è ‚ÄúMurphy Brown Returns to CBS‚Äù

https://t.co/3vsAg7WcB1",4
104,0.0,Thu Sep 27 20:19:18 +0000 2018,1.0,0.0,@CBS,0.0,.@TheNeighborhood's @iamgreenfield revealing his Fiddler on the Roof goals on @latelateshow will be the earworm you‚Ä¶ https://t.co/swbh8HPwA1,5
105,0.0,Thu Sep 27 20:01:53 +0000 2018,1.0,0.0,@CBS,0.0,RT @MurphyBrownCBS: A moment 20 years in the making all comes down to this. #MurphyBrown returns to @CBS tonight! https://t.co/tWSMFM3YbG,6
106,0.0,Thu Sep 27 17:19:16 +0000 2018,1.0,0.0,@CBS,0.0,"Candice Bergen tells @colbertlateshow the presidential way tonight's @MurphyBrownCBS premiere imitates life, albeit‚Ä¶ https://t.co/4Kbk8gt6nS",7
107,-0.34,Thu Sep 27 16:58:08 +0000 2018,0.581,0.25,@CBS,0.169,@marlagardner222 @jay_hernandez Good idea. The theme song is a dead giveaway. üòâ,8
108,0.0,Thu Sep 27 00:44:13 +0000 2018,1.0,0.0,@CBS,0.0,@queenmama7777 @CBSAllAccess We believe in you! https://t.co/ZK0xaPRxVr,9
109,0.0,Thu Sep 27 00:42:15 +0000 2018,1.0,0.0,@CBS,0.0,@BSkyjackcity @jokersupdates @CBSAllAccess On it. https://t.co/yxKX9ry7fw,10
110,0.1139,Wed Sep 26 21:49:27 +0000 2018,0.929,0.0,@CBS,0.071,Sixteen houseguests entered and now it's down to the Final 3. Don't miss a second of the 90-minute #BB20Finale toni‚Ä¶ https://t.co/KwDHR9Hfqu,11
111,0.6249,Wed Sep 26 19:57:54 +0000 2018,0.779,0.0,@CBS,0.221,"The tribe has spoken, and they do a pretty decent @JeffProbst impression just in time for the @survivorcbs Season P‚Ä¶ https://t.co/2Ps8VKblay",12
112,0.0,Wed Sep 26 17:25:43 +0000 2018,1.0,0.0,@CBS,0.0,"‚ö°Ô∏è ‚ÄúFBI Premieres on CBS‚Äù

https://t.co/faL6iHZc5g",13
113,-0.2714,Tue Sep 25 21:10:56 +0000 2018,0.764,0.138,@CBS,0.098,"RT @CBSAllAccess: A night of crime dramas?! Oh yes. üôå Stream @NCIS_CBS, @FBICBS &amp; @NCISNewOrleans starting at 8/7c on CBS All Access: https‚Ä¶",14
114,-0.2263,Tue Sep 25 20:31:45 +0000 2018,0.909,0.091,@CBS,0.0,"Before @FBICBS premieres tonight, @mperegrym stopped by @CBSThisMorning to talk about her role as an FBI agent in t‚Ä¶ https://t.co/CPVki4Hv8y",15
115,0.0,Tue Sep 25 19:54:26 +0000 2018,1.0,0.0,@CBS,0.0,RT @CBSAllAccess: üö® @PatrickBrammall. Tim Meadows. @jessicaalba. @iamgreenfield. @AHWAmySedaris. @ChrisGethard. @JoeManganiello. AND SO MAN‚Ä¶,16
116,0.7901,Tue Sep 25 19:45:33 +0000 2018,0.709,0.0,@CBS,0.291,RT @bigbangtheory: Happy #NationalComicBookDay from Sheldon and his many shirts! How are you sporting your favorite superhero today? #BigBa‚Ä¶,17
117,0.0,Tue Sep 25 18:34:26 +0000 2018,1.0,0.0,@CBS,0.0,"‚ö°Ô∏è ‚ÄúMagnum P.I. Premieres on CBS‚Äù

https://t.co/UtbQlcDG8S",18
118,0.0,Tue Sep 25 18:05:31 +0000 2018,1.0,0.0,@CBS,0.0,".@jay_hernandez went on @latelateshow to talk about @MagnumPICBS, but he may have gotten @TiffanyHaddish as a surf‚Ä¶ https://t.co/a3acRu10aw",19
119,0.0,Mon Sep 24 18:56:15 +0000 2018,1.0,0.0,@CBS,0.0,"RT @60Minutes: 60 Minutes turns 50 today. Tick, tick, tick ... https://t.co/3CVKEs9J7F",20
120,-0.2263,Sun Sep 23 23:24:03 +0000 2018,0.913,0.087,@CBS,0.0,"Due to #NFL football game overrun, #CBS Sunday lineup is delayed in ATL, Indy, NOLA, Kansas City, NYC, Philly, Prov‚Ä¶ https://t.co/fejqoxtvSY",21
121,0.0,Sun Sep 23 14:00:00 +0000 2018,1.0,0.0,@CBS,0.0,Kick off your Sunday with @NFL on CBS. Catch your local games live on CBS and @CBSAllAccess. üèàüì∫‚Ä¶ https://t.co/kbo7N27mY9,22
122,0.296,Fri Sep 21 19:18:00 +0000 2018,0.758,0.098,@CBS,0.144,"How does $100,000 sound? Because someone is going to win all that tonight on the @TKOCBS Battle Royale finale at 9p‚Ä¶ https://t.co/JEuUZ2QlQh",23
123,-0.1531,Fri Sep 21 17:46:26 +0000 2018,0.714,0.162,@CBS,0.123,@colbertlateshow @IainLoveTheatre @IainLoveTheatre made a compelling argument. We'll get back to you. üòâ,24
124,0.296,Thu Sep 20 23:17:19 +0000 2018,0.891,0.0,@CBS,0.109,"Now that @bigbangtheory is entering its last season, Kaley Cuoco admits to @latelateshow she's over the show's noto‚Ä¶ https://t.co/xvhlMWBhSX",25
125,0.7896,Thu Sep 20 21:38:21 +0000 2018,0.788,0.0,@CBS,0.212,RT @HawaiiFive0CBS: It‚Äôs the big Five-0! üéâ üåä #H50 premiered on this day in 1968! Celebrate 50 years of Hawaii Five-0 with every season of b‚Ä¶,26
126,0.0,Thu Sep 20 16:47:26 +0000 2018,1.0,0.0,@CBS,0.0,RT @JordanPeele: üì∫üåÄ https://t.co/CygbVi4JFC,27
127,-0.0531,Wed Sep 19 19:07:37 +0000 2018,0.588,0.236,@CBS,0.176,The @latelateshow and @JKCorden will never be good enough for @henrygolding's crazy rich mom.‚Ä¶ https://t.co/xVmH5Iyfvs,28
128,0.6486,Tue Sep 18 17:04:20 +0000 2018,0.791,0.0,@CBS,0.209,RT @CBSThisMorning: Imagine receiving a digital friend request from someone claiming to be God. What would you do? The new @CBS drama @GodF‚Ä¶,29
129,0.9642,Mon Sep 17 22:01:52 +0000 2018,0.473,0.0,@CBS,0.527,"RT @PriceIsRight: We're thrilled to be back with all new, fun, and exciting shows!!  We hope to give you another award winning season! HERE‚Ä¶",30
130,0.0,Mon Sep 17 21:41:20 +0000 2018,1.0,0.0,@CBS,0.0,RT @SalvationCBS: X marks the spot on the heart-stopping season finale of #SalvationCBS tonight at 9/8c on CBS &amp; CBS All Access: https://t.‚Ä¶,31
131,0.3612,Mon Sep 17 19:18:37 +0000 2018,0.737,0.0,@CBS,0.263,Waiting for tonight's @Elementary_CBS season finale like https://t.co/Ou8342vGT9,32
132,-0.2263,Sun Sep 16 23:48:59 +0000 2018,0.909,0.091,@CBS,0.0,"Due to an NFL overrun, the CBS Sunday lineup is delayed in the East/Central cities ONLY. New start times:‚Ä¶ https://t.co/IypoJ0l16P",33
133,0.0,Sun Sep 16 14:33:46 +0000 2018,1.0,0.0,@CBS,0.0,RT @CBSAllAccess: Sundays were made for NFL on CBS. üèàüíØ Stream NFL on CBS All Access live today: https://t.co/vsod8jGE7N https://t.co/co2528‚Ä¶,34
134,-0.4322,Sat Sep 15 16:00:01 +0000 2018,0.771,0.159,@CBS,0.07,"What happens when a PTA mom steals nearly $100,000 from her daughter's school? Don't miss the #PinkCollarCrimes sea‚Ä¶ https://t.co/Gjiy0pByaE",35
135,-0.2481,Fri Sep 14 18:22:59 +0000 2018,0.598,0.233,@CBS,0.17,"RT @CBSAllAccess: No internet, no problem. You can now download and play your favorite shows on CBS All Access! üôå Learn how: https://t.co/y‚Ä¶",36
136,0.0,Thu Sep 13 20:52:06 +0000 2018,1.0,0.0,@CBS,0.0,@PlaggemeyLee Mac's putting something together. üòâ https://t.co/6ww5HlV6Bx,37
137,0.0,Thu Sep 13 20:28:06 +0000 2018,1.0,0.0,@CBS,0.0,This just in... https://t.co/QG3OYF6Rfv,38
138,0.4753,Thu Sep 13 18:06:49 +0000 2018,0.699,0.083,@CBS,0.218,RT @CBSAllAccess: Get excited! Stream original #MurphyBrown episodes for a limited time on CBS All Access before the @MurphyBrownCBS reviva‚Ä¶,39
139,0.0,Mon Sep 10 17:06:16 +0000 2018,1.0,0.0,@CBS,0.0,"This just in! The 54th #ACMawards will air LIVE from Las Vegas on Sunday, April 7, 2019 at 8/7c on CBS and‚Ä¶ https://t.co/Q9e7qxe26l",40
140,-0.2263,Sun Sep 09 23:36:09 +0000 2018,0.917,0.083,@CBS,0.0,"Due to an NFL overrun, CBS is delayed 17 mins in the following markets: Kansas City, Miami, Tampa, NOLA, New York,‚Ä¶ https://t.co/9eXZ9mA1Xb",41
141,0.6705,Sun Sep 09 14:00:00 +0000 2018,0.744,0.0,@CBS,0.256,Are you ready for some football? üèà Stream your favorite NFL games LIVE on #CBSAllAccess today:‚Ä¶ https://t.co/eHt8guHoyv,42
142,0.4215,Sat Sep 08 16:20:43 +0000 2018,0.851,0.0,@CBS,0.149,An unforgettable night of inspiring stories and performances highlighting the 10 years of impact #StandUpToCancer c‚Ä¶ https://t.co/8bp2XNKwfH,43
143,0.0,Sat Sep 08 00:00:00 +0000 2018,1.0,0.0,@CBS,0.0,The star-studded event is about to begin! Tune in now to watch #StandUpToCancer on CBS and @cbsallaccess. https://t.co/cD8TJuQBog,44
144,-0.5411,Fri Sep 07 23:15:09 +0000 2018,0.712,0.196,@CBS,0.092,"RT @cbsallaccess: Join #TellMeAStory's @daniellemcam, @BillyMagnussen &amp; Dorian Missick by standing up to cancer! Watch @SU2C tonight at 8/7‚Ä¶",45
145,0.0,Fri Sep 07 21:50:51 +0000 2018,1.0,0.0,@CBS,0.0,Tune in to a first-of-its-kind digital live show as lead up to @SU2C‚Äôs televised event tonight! The show will featu‚Ä¶ https://t.co/hIVaLAXYmR,46
146,-0.296,Thu Sep 06 22:10:49 +0000 2018,0.879,0.121,@CBS,0.0,Hollywood legend Burt Reynolds has passed away at the age of 82. He will be missed. https://t.co/HSmcJ9X9iC,47
147,0.4753,Thu Sep 06 19:00:01 +0000 2018,0.808,0.0,@CBS,0.192,Here are @FBICBS‚Äô @JeremySisto and @EboneeReigne with a powerful message before #StandUpToCancer airs tomorrow! https://t.co/OCqh91N1OO,48
148,0.0,Wed Sep 05 21:00:00 +0000 2018,1.0,0.0,@CBS,0.0,Here's everything you need to know before tuning into #StandUpToCancer this Friday at 8/7c: https://t.co/IT9ht84TZ1 https://t.co/OK4AOxw5mP,49
149,0.3612,Wed Sep 05 17:32:40 +0000 2018,0.889,0.0,@CBS,0.111,Survivor host @JeffProbst is here to break down the theme of #Survivor: David vs. Goliath before the new season beg‚Ä¶ https://t.co/8TcA200eFQ,50
150,0.6908,Wed Sep 05 16:48:09 +0000 2018,0.467,0.0,@CBS,0.533,"Thanks, @StephenAtHome. 
P.S. Nice beard. #LSSC https://t.co/wppVtfR9cL",51
151,0.4215,Tue Sep 04 20:34:26 +0000 2018,0.865,0.0,@CBS,0.135,The biggest names in entertainment are coming together once again for #StandUpToCancer this Friday at 8/7c on @CBS‚Ä¶ https://t.co/ntuGKLYvuW,52
152,0.6514,Sat Sep 01 15:25:34 +0000 2018,0.829,0.0,@CBS,0.171,RT @cbsallaccess: Stream #17 @WestVirginiaU vs. @UTKnoxville LIVE today at 3:30PM ET on CBS All Access! Try 1 month FREE using code BINGENO‚Ä¶,53
153,0.0,Fri Aug 31 21:26:49 +0000 2018,1.0,0.0,@CBS,0.0,"In just one week, @RWitherspoon, @McConaughey, Jennifer Garner, and more will attend the #‚ÄãStandUpToCancer fundrais‚Ä¶ https://t.co/iHKGOoWejA",54
154,0.0,Fri Aug 31 18:01:01 +0000 2018,1.0,0.0,@CBS,0.0,"Believe in miracles. Watch this sneak peek of the complete premiere episode of @GodFriendedMe now, a month before i‚Ä¶ https://t.co/5AIUH5VmMk",55
155,-0.6908,Thu Aug 30 19:45:51 +0000 2018,0.761,0.239,@CBS,0.0,"RT @cbsallaccess: Money. Murder. Mystery. #OneDollar is now streaming, exclusively on CBS All Access. https://t.co/3qFdTEmVU5 https://t.co/‚Ä¶",56
156,0.6239,Thu Aug 30 15:32:47 +0000 2018,0.83,0.0,@CBS,0.17,RT @GodFriendedMe: It's a godsend! We're dropping the #GodFriendedMe pilot tomorrow right here on Twitter for you to stream a full month be‚Ä¶,57
157,0.0,Mon Aug 27 23:36:57 +0000 2018,1.0,0.0,@CBS,0.0,"It's almost time for sweater weather, pumpkin spice lattes, and CBS Fall TV premieres. Check out the storylines for‚Ä¶ https://t.co/BpgDyYl8fc",58
158,-0.4389,Fri Aug 24 20:30:16 +0000 2018,0.888,0.112,@CBS,0.0,RT @cbsallaccess: #NFL preseason coverage is here! üèà The Detroit @Lions battle the Tampa Bay @Buccaneers tonight at 8PM ET. Stream the game‚Ä¶,59
159,0.0,Wed Aug 22 20:55:25 +0000 2018,1.0,0.0,@CBS,0.0,"@bigbangtheory üé∂...happy kitty, sleepy kitty, purr purr purrüé∂ #TheBigBangTheory https://t.co/sEObppGJlZ",60
160,0.0,Wed Aug 22 20:10:12 +0000 2018,1.0,0.0,@CBS,0.0,"This is going to require multiple singings of ""Soft Kitty."" https://t.co/UdRGNeQ7Lb",61
161,0.5423,Mon Aug 20 21:59:56 +0000 2018,0.829,0.0,@CBS,0.171,Got to get more of the @PaulMcCartney #CarpoolKaraoke into your life? @latelateshow produced an hour-long bonus spe‚Ä¶ https://t.co/DjPqajo6Xn,62
162,0.3182,Fri Aug 17 17:42:02 +0000 2018,0.887,0.0,@CBS,0.113,"How much does it cost to bury the truth? 
#OneDollar premieres August 30, exclusively on CBS All Access. https://t.co/ZL5TBH9ro5",63
163,0.0,Thu Aug 16 18:40:09 +0000 2018,1.0,0.0,@CBS,0.0,Things got carried away when @ArianaGrande joined @latelateshow for #CarpoolKaraoke. So did Ariana. #ArianaCarpool https://t.co/WSZcC0TaYz,64
164,-0.5267,Thu Aug 16 00:09:03 +0000 2018,0.72,0.188,@CBS,0.092,RT @cbsallaccess: Murder mystery set in a small town? We're in. Rediscover the genius of original #TwinPeaks co-creators @DAVID_LYNCH and @‚Ä¶,65
165,0.0,Sun Aug 12 23:30:02 +0000 2018,1.0,0.0,@CBS,0.0,New start times for @60Minutes 7:20ET/6:20CT @CBSBigBrother 8:20ET/7:20CT @NCISLA 9:20ET/8:20CT @Elementary_CBS 10:‚Ä¶ https://t.co/Op9VcDsREa,66
166,0.4389,Sun Aug 12 15:04:59 +0000 2018,0.874,0.0,@CBS,0.126,Clear your schedules for the 100th #PGAChamp! Stream the Final Round LIVE on @cbsallaccess at 2 PM ET across all de‚Ä¶ https://t.co/m6bH2pKTUN,67
167,-0.3182,Sat Aug 11 18:00:00 +0000 2018,0.897,0.103,@CBS,0.0,The fortune teller you‚Äôll meet this Saturday lived a life of luxury... by scamming her victims out of hundreds of t‚Ä¶ https://t.co/fJo6F2Eo5p,68
168,0.4926,Sat Aug 11 15:00:02 +0000 2018,0.856,0.0,@CBS,0.144,The 100th PGA Championship continues today! Stream it LIVE on @cbsallaccess at 2PM ET across all devices. Try 1 Wee‚Ä¶ https://t.co/jbMg06eOND,69
169,0.8957,Fri Aug 10 22:28:55 +0000 2018,0.581,0.0,@CBS,0.419,"To celebrate the 100th PGA Championship, relive some of the tournament's greatest moments with Luke Wilson. 

Don't‚Ä¶ https://t.co/wUuB93smr4",70
170,0.0,Fri Aug 10 19:59:14 +0000 2018,1.0,0.0,@CBS,0.0,"RT @TrueCrimeCBS: When Glenn Walp and Steve Doran uncovered theft at the Los Alamos National Laboratory, they HAD to blow their whistles. W‚Ä¶",71
171,0.6696,Thu Aug 09 21:00:00 +0000 2018,0.745,0.0,@CBS,0.255,Want to create your own @CBSBigBrother or @TKOCBS meme using one the photos here? It‚Äôs your lucky day! Head over to‚Ä¶ https://t.co/JHJWykNkQT,72
172,0.7901,Thu Aug 09 18:47:00 +0000 2018,0.72,0.0,@CBS,0.28,Time to celebrate! Your favorite Daytime shows will premiere with new seasons this fall. See all of the @CBSDaytime‚Ä¶ https://t.co/GNkK4Zf2kD,73
173,0.6696,Wed Aug 08 16:05:11 +0000 2018,0.791,0.0,@CBS,0.209,"Love is in the air, and the water! International smash hit #LoveIsland is coming to CBS. https://t.co/nepabuNoSU https://t.co/Cxgvkv463u",74
174,0.0,Tue Aug 07 16:06:57 +0000 2018,1.0,0.0,@CBS,0.0,The Executive Producers of @CBSBigBrother are teaming up with @KingJames and @MavCarter for an unprecedented televi‚Ä¶ https://t.co/V88bDeHmQs,75
175,0.3612,Mon Aug 06 00:20:55 +0000 2018,0.889,0.0,@CBS,0.111,"RT @cbsallaccess: Executive Producer of Tell Me A Story, @kevwilliamson, says ""What I like about the show, there‚Äôs nothing else on TV like‚Ä¶",76
176,0.7424,Mon Aug 06 00:07:38 +0000 2018,0.617,0.082,@CBS,0.3,RT @TheNeighborhood: Feel the love in this new teaser for #TheNeighborhood from the #CBS #TCA18! ü§ó https://t.co/rPmCozH5XP,77
177,0.3818,Mon Aug 06 00:02:58 +0000 2018,0.894,0.0,@CBS,0.106,RT @TheNeighborhood: Find out why Cedric the Entertainer and the cast think #TheNeighborhood is the kind of show that everyone can relate t‚Ä¶,78
178,0.5093,Mon Aug 06 00:02:02 +0000 2018,0.859,0.0,@CBS,0.141,That's all for our #CBS #TCA18 panels! Tune in this fall to watch all your favorite new shows. üôå https://t.co/hM85o9eRi8,79
179,0.0,Sun Aug 05 23:58:41 +0000 2018,1.0,0.0,@CBS,0.0,"RT @MagnumPICBS: ""If there was ever a time to bring back #MagnumPI, it's now."" - @PLenkov 
#CBS #TCA2018",80
180,0.8316,Sun Aug 05 23:44:39 +0000 2018,0.694,0.0,@CBS,0.306,"RT @MagnumPICBS: ""There are a lot of easter eggs from the original that fans from the original series will love, and they're peppered throu‚Ä¶",81
181,0.0,Sun Aug 05 23:41:21 +0000 2018,1.0,0.0,@CBS,0.0,"RT @MagnumPICBS: ""What we are trying to do is introduce the show to a new audience...it's going to open it up for anyone that's new and the‚Ä¶",82
182,0.5994,Sun Aug 05 23:35:49 +0000 2018,0.843,0.0,@CBS,0.157,"RT @MagnumPICBS: ""This has been my white whale since I was a kid. I always loved #MagnumPI. Putting words in Magnum's mouth is something I'‚Ä¶",83
183,0.0,Sun Aug 05 23:35:46 +0000 2018,1.0,0.0,@CBS,0.0,RT @MagnumPICBS: It's #MagnumPI time at the #CBS #TCA2018! Follow along as we live tweet the panel!,84
184,0.5826,Sun Aug 05 23:16:25 +0000 2018,0.827,0.0,@CBS,0.173,RT @happytogether: Thanks for following along! That concludes the #HappyTogether panel at the #CBS #TCA2018! @MagnumPICBS is up next!,85
185,-0.5093,Sun Aug 05 23:12:39 +0000 2018,0.798,0.202,@CBS,0.0,"RT @happytogether: Question: Even though you're not playing @Harry_Styles, did you do a Harry crash course?
@itsfelixwot: Absolutely not. C‚Ä¶",86
186,0.0,Sun Aug 05 23:10:20 +0000 2018,1.0,0.0,@CBS,0.0,"RT @happytogether: ""The show is about marriage, it's about getting a bit older, it's about youthfulness, it's about something happening and‚Ä¶",87
187,0.6041,Sun Aug 05 23:05:58 +0000 2018,0.775,0.0,@CBS,0.225,"RT @happytogether: ""It's always good to have a little bit of truth in whatever you're making.""- @wayansjr 

#HappyTogether #CBS #TCA2018",88
188,0.3802,Sun Aug 05 23:01:25 +0000 2018,0.853,0.0,@CBS,0.147,"RT @happytogether: ""I thought I was still young and cool until I met @itsfelixwot!"" -@AmberoniStevens #HappyTogether #CBS #TCA2018",89
189,-0.2057,Sun Aug 05 22:58:41 +0000 2018,0.917,0.083,@CBS,0.0,"RT @happytogether: ""We never wanted to create a show where people think ""Oh, did @Harry_Styles do that?"" -@benwinston on emphasizing that #‚Ä¶",90
190,0.0,Sun Aug 05 22:58:36 +0000 2018,1.0,0.0,@CBS,0.0,RT @happytogether: .@wayansjr is quick to point out that the characters in #HappyTogether are fictional. #CBS #TCA2018,91
191,-0.0572,Sun Aug 05 22:53:12 +0000 2018,0.936,0.064,@CBS,0.0,"RT @happytogether: ""@Harry_Styles became part of the family. We didn't want him to move out."" -@benwinston #CBS #HappyTogether #TCA18",92
192,-0.3612,Sun Aug 05 22:52:24 +0000 2018,0.82,0.121,@CBS,0.059,"RT @happytogether: ""It's about Cooper who wants nothing but normality and a boring life, and Jake and Claire, who want more excitement."" -@‚Ä¶",93
193,0.4939,Sun Aug 05 22:49:06 +0000 2018,0.862,0.0,@CBS,0.138,"RT @happytogether: ""It's loosely inspired (by the time @Harry_Styles lived with @benwinston), because if we put what actually happened on t‚Ä¶",94
194,0.0,Sun Aug 05 22:46:49 +0000 2018,1.0,0.0,@CBS,0.0,RT @happytogether: It's time for the #HappyTogether panel at the #CBS #TCA18! Follow along here!,95
195,0.4926,Sun Aug 05 22:32:37 +0000 2018,0.825,0.0,@CBS,0.175,RT @GodFriendedMe: Thanks for following along during the #GodFriendedMe panel at #CBS #TCA18‚Äî@HappyTogether is up next!,96
196,0.2732,Sun Aug 05 22:32:30 +0000 2018,0.877,0.0,@CBS,0.123,"RT @GodFriendedMe: ""You don't have to believe in God to believe in good."" üôå@JOEtheMORTON¬†#GodFriendedMe #CBS",97
197,0.2716,Sun Aug 05 22:16:36 +0000 2018,0.905,0.0,@CBS,0.095,RT @GodFriendedMe: ‚ÄúIt‚Äôs incredibly important to us that we‚Äôre not a show that‚Äôs preachy or judgmental. Whether you believe or don‚Äôt believ‚Ä¶,98
198,-0.4973,Sun Aug 05 22:16:29 +0000 2018,0.867,0.133,@CBS,0.0,"RT @GodFriendedMe: ""Our feet are on the ground. Our characters are not angels, they‚Äôre not heavenly, they‚Äôre just real people. The 'opposin‚Ä¶",99
199,0.0,Sun Aug 05 22:16:19 +0000 2018,1.0,0.0,@CBS,0.0,RT @GodFriendedMe: Follow along with us as we live-tweet the #GodFriendedMe panel at #CBS #TCA18 with stars @hall_m_brandon @violettbeane @‚Ä¶,100
200,0.2263,Sun Sep 30 01:00:08 +0000 2018,0.853,0.0,@CNN,0.147,Only these 8 states require sex education classes to mention consent https://t.co/joJ5Fkhkan https://t.co/3VmFDbGc5L,1
201,0.4404,Sun Sep 30 00:31:16 +0000 2018,0.813,0.0,@CNN,0.187,Hillary Clinton made a surprise appearance in the first episode of the 'Murphy Brown' revival -- playing a woman in‚Ä¶ https://t.co/CaXmdL9s9b,2
202,-0.5267,Sun Sep 30 00:00:11 +0000 2018,0.804,0.196,@CNN,0.0,The attack on Facebook that exposed nearly 50 million users' information is the largest hack ever for the company‚Ä¶ https://t.co/T2vOGRm0Ry,3
203,0.2263,Sat Sep 29 23:11:11 +0000 2018,0.909,0.0,@CNN,0.091,North Carolina is among the 8 states that require sex education classes to mention consent. A map in an earlier twe‚Ä¶ https://t.co/GUCQpYwvBA,4
204,-0.4019,Sat Sep 29 23:00:09 +0000 2018,0.788,0.148,@CNN,0.064,"A 13-year-old boy was attacked Saturday by a shark while diving for lobsters in waters off Encinitas, California, a‚Ä¶ https://t.co/jNMREHePwO",5
205,0.1027,Sat Sep 29 22:45:07 +0000 2018,0.765,0.107,@CNN,0.128,"Alas, an asteroid shaped like a skull is NOT going to zip by Earth this Halloween https://t.co/Va32inAu8z https://t.co/fYHvcOm0Bt",6
206,0.0,Sat Sep 29 22:30:11 +0000 2018,1.0,0.0,@CNN,0.0,"Nearly two years to the day after its inaugural march, thousands are expected to take to the streets again early ne‚Ä¶ https://t.co/dzj1GMnykd",7
207,0.1027,Sat Sep 29 22:00:10 +0000 2018,0.849,0.066,@CNN,0.085,"JUST IN: Elon Musk agrees to pay $20 million and quit as Tesla chairman in deal with SEC
https://t.co/SIweOPR39g https://t.co/fluv7kgynH",8
208,0.0,Sat Sep 29 22:00:07 +0000 2018,1.0,0.0,@CNN,0.0,"Meet the ""Hurricane Cowboy"" who's rescuing animals in Florence's aftermath https://t.co/RkgzcXnl3A https://t.co/KgBHD2Pnbk",9
209,-0.3612,Sat Sep 29 21:46:03 +0000 2018,0.894,0.106,@CNN,0.0,Alyssa Milano says that while it was difficult to be in the room when Brett Kavanaugh and Christine Blasey Ford tes‚Ä¶ https://t.co/dBXUbdEekE,10
210,0.5574,Sat Sep 29 21:28:04 +0000 2018,0.795,0.0,@CNN,0.205,Jeff Flake's moment: How a reliable conservative cast Brett Kavanaugh's Supreme Court confirmation into doubt‚Ä¶ https://t.co/wAvxOyw2ul,11
211,-0.2023,Sat Sep 29 21:14:21 +0000 2018,0.913,0.087,@CNN,0.0,Watch a rare gulper eel change its shape right before your eyes -- a unique method it uses to intimidate predators‚Ä¶ https://t.co/HgiqqNBfto,12
212,-0.2023,Sat Sep 29 21:00:10 +0000 2018,0.833,0.102,@CNN,0.065,"The FBI has reached out to Deborah Ramirez, who has accused Brett Kavanaugh of inappropriate sexual behavior when t‚Ä¶ https://t.co/WEbuyKazm7",13
213,0.1027,Sat Sep 29 20:31:05 +0000 2018,0.7,0.14,@CNN,0.16,Why the world's leaders may regret laughing at Donald Trump | By Nic Robertson for @CNNOpinion‚Ä¶ https://t.co/OSqC3AWTmf,14
214,0.2942,Sat Sep 29 20:00:31 +0000 2018,0.846,0.0,@CNN,0.154,"""What is... yes?"" A ""Jeopardy!"" contestant surprised his girlfriend with a marriage proposal https://t.co/65FSnOOE7M https://t.co/O5nJzZCYM8",15
215,-0.4588,Sat Sep 29 19:31:06 +0000 2018,0.885,0.115,@CNN,0.0,"Ciham Ali Ahmed was imprisoned at 15 years old. Now six years later, her family says they don't know where she is o‚Ä¶ https://t.co/07xI3uUH7M",16
216,-0.6486,Sat Sep 29 19:00:30 +0000 2018,0.798,0.202,@CNN,0.0,"It‚Äôs a devastating scene, and the reality of so many parents addicted to drugs. @lisaling gives us a heartbreaking‚Ä¶ https://t.co/sXEhUoMmu6",17
217,0.2263,Sat Sep 29 18:31:05 +0000 2018,0.853,0.0,@CNN,0.147,Only these 8 states require sex education classes to mention consent https://t.co/iEMukcvLni https://t.co/tSeUG8ez0x,18
218,0.6597,Sat Sep 29 18:00:36 +0000 2018,0.748,0.0,@CNN,0.252,"Called ""The Passion Diamond Shoes"", these gold and diamond-encrusted stilettos are believed to be the world's most‚Ä¶ https://t.co/zjDnYO6jGI",19
219,-0.4019,Sat Sep 29 17:30:38 +0000 2018,0.863,0.137,@CNN,0.0,"She learned to swim at age 50 and now has 271 medals. Oh, and she's blind. https://t.co/sSLpHYEdqC https://t.co/5iguBTXFez",20
220,-0.6705,Sat Sep 29 17:20:08 +0000 2018,0.769,0.231,@CNN,0.0,"Two police officers were killed in a shootout early Saturday in Brookhaven, Mississippi, a state official said. https://t.co/sWEwLdiMHf",21
221,0.4019,Sat Sep 29 16:30:13 +0000 2018,0.847,0.0,@CNN,0.153,"A 33-year-old vet went to the VA for help. Hours later, he took his own life. https://t.co/Fv9cfLdrE9",22
222,-0.7906,Sat Sep 29 16:00:10 +0000 2018,0.667,0.333,@CNN,0.0,At least 384 are dead and hundreds injured after a tsunami and earthquake in Indonesia https://t.co/6QMEFJopLb https://t.co/IYCYKfCIUU,23
223,0.4939,Sat Sep 29 15:46:07 +0000 2018,0.842,0.0,@CNN,0.158,"Leland Ingham Keyser, a friend of Christine Blasey Ford, is not refuting Ford's allegation and will cooperate with‚Ä¶ https://t.co/TJafi07Kia",24
224,0.0,Sat Sep 29 15:17:19 +0000 2018,1.0,0.0,@CNN,0.0,Typhoon Trami is unleashing heavy winds and rain on southern Japan as it slowly marches toward the nation's main is‚Ä¶ https://t.co/6mrQrfOpXW,25
225,0.1779,Sat Sep 29 14:01:06 +0000 2018,0.52,0.245,@CNN,0.234,"A Mediterranean diet -- rich in vegetables, fruits, nuts and fish -- could help lower a person's risk of depression‚Ä¶ https://t.co/qsWWdCkbp1",26
226,-0.7003,Sat Sep 29 13:46:06 +0000 2018,0.703,0.242,@CNN,0.055,Shockwaves from the massive bombing raids during World War II reached the edge of space and weakened the Earth's up‚Ä¶ https://t.co/8KgMQNawGx,27
227,0.2732,Sat Sep 29 13:31:00 +0000 2018,0.884,0.0,@CNN,0.116,Former presidential candidate Hillary Clinton made a surprise appearance in the first episode of the 'Murphy Brown'‚Ä¶ https://t.co/4LW4920YfF,28
228,-0.3182,Sat Sep 29 13:16:03 +0000 2018,0.887,0.113,@CNN,0.0,"Is Emmanuel Macron the new Tony Blair -- lauded abroad, mocked at home? | Analysis by CNN's Melissa Bell‚Ä¶ https://t.co/Qss2RgsvMs",29
229,-0.7717,Sat Sep 29 13:01:12 +0000 2018,0.691,0.309,@CNN,0.0,"A dog lost part of her skull to cancer, so researchers 3D-printed a plate to replace it https://t.co/SxpvzKORbT https://t.co/UESQOryY0Y",30
230,0.34,Sat Sep 29 12:46:06 +0000 2018,0.841,0.0,@CNN,0.159,"""Millions of Americans could follow live something that looked like a search for truth, but only on the surface. ..‚Ä¶ https://t.co/nAkVIZdR96",31
231,-0.1779,Sat Sep 29 12:31:00 +0000 2018,0.922,0.078,@CNN,0.0,A long-lost warship has been discovered off the coast of China after an extensive hunt to track down relics from fr‚Ä¶ https://t.co/NLz9VFBdx5,32
232,0.25,Sat Sep 29 12:16:05 +0000 2018,0.796,0.08,@CNN,0.124,One of the women who confronted Sen. Jeff Flake in a Capitol elevator Friday said she hopes other Republican senato‚Ä¶ https://t.co/GL6sJnfjpG,33
233,0.6124,Sat Sep 29 12:00:24 +0000 2018,0.75,0.0,@CNN,0.25,"Instagram-friendly food. Yes, please. #NoFilter. Travel to Asturias, Spain on an all-new #PartsUnknown, Sunday at 9‚Ä¶ https://t.co/4uAoNu4idr",34
234,0.5574,Sat Sep 29 11:46:03 +0000 2018,0.795,0.0,@CNN,0.205,Jeff Flake's moment: How a reliable conservative cast Brett Kavanaugh's Supreme Court confirmation into doubt‚Ä¶ https://t.co/DIRC09z8tk,35
235,0.0,Sat Sep 29 11:31:00 +0000 2018,1.0,0.0,@CNN,0.0,Meet DJ Switch: A 10-year-old girl from Ghana who wants to be a gynecologist when she grows up. Erica Armah Bra-Bul‚Ä¶ https://t.co/PyxMF661f6,36
236,-0.5719,Sat Sep 29 11:16:02 +0000 2018,0.85,0.15,@CNN,0.0,An American flag shown on a livestream as it was shredded by the fury of Hurricane Florence is being auctioned to h‚Ä¶ https://t.co/8WsJqWsBnN,37
237,0.0,Sat Sep 29 11:01:05 +0000 2018,1.0,0.0,@CNN,0.0,Cutting-edge research on an ancient mummy shows that Egyptians were embalming bodies in prehistoric times https://t.co/GwmUQHSQW0,38
238,0.5719,Sat Sep 29 11:01:00 +0000 2018,0.802,0.0,@CNN,0.198,This Ohio town celebrated Christmas a few months early this year for a 2-year-old with brain cancer‚Ä¶ https://t.co/FIO0Ia2eWO,39
239,-0.7351,Sat Sep 29 10:46:02 +0000 2018,0.744,0.256,@CNN,0.0,"An estimated 80,000 Americans died of flu and its complications last winter, the CDC says, making it the deadliest‚Ä¶ https://t.co/S9vUosYzPB",40
240,0.2732,Sat Sep 29 10:31:00 +0000 2018,0.896,0.0,@CNN,0.104,SiriusXM is buying Pandora in a $3.5 billion all-stock deal. The deal will create the world's largest audio enterta‚Ä¶ https://t.co/pBImRwJDun,41
241,-0.7871,Sat Sep 29 10:16:23 +0000 2018,0.638,0.362,@CNN,0.0,4-year-old Florence didn't like sharing her name with a bad hurricane. So she did something about it.‚Ä¶ https://t.co/xyubP5kQJJ,42
242,0.0,Sat Sep 29 10:01:03 +0000 2018,1.0,0.0,@CNN,0.0,"A newly discovered dinosaur species that's believed to have weighed 26,000 pounds was the largest land animal of it‚Ä¶ https://t.co/9ECuIOr32E",43
243,-0.4588,Sat Sep 29 09:46:06 +0000 2018,0.592,0.27,@CNN,0.138,A health crisis turned this Trump voter into a Democrat supporter https://t.co/6fbxhN0Gq3 https://t.co/Pa6ykEVDGy,44
244,0.7351,Sat Sep 29 09:31:00 +0000 2018,0.64,0.0,@CNN,0.36,"This 7-year-old girl wowed a crowd with a stunning rendition of the ""Star-Spangled Banner"" https://t.co/pSUda8DlDK",45
245,0.0,Sat Sep 29 09:16:04 +0000 2018,1.0,0.0,@CNN,0.0,"Researchers used a gene editing tool to wipe out a population of malaria-carrying mosquitoes in a lab, raising the‚Ä¶ https://t.co/8CBwo1R2MV",46
246,0.0,Sat Sep 29 09:01:04 +0000 2018,1.0,0.0,@CNN,0.0,Here's what Jeff Flake just did -- and what it means for Brett Kavanaugh | Analysis by @CillizzaCNN‚Ä¶ https://t.co/JCySrc71ZI,47
247,0.3612,Sat Sep 29 08:46:05 +0000 2018,0.894,0.0,@CNN,0.106,Tom Hanks is ready to be your neighbor -- as Mister Rogers in an upcoming and as-yet-untitled film about the childr‚Ä¶ https://t.co/7eSkMCA6HC,48
248,0.4215,Sat Sep 29 08:32:00 +0000 2018,0.851,0.0,@CNN,0.149,Rescuers scrambled to find survivors after a powerful earthquake hit the Indonesian island of Sulawesi and triggere‚Ä¶ https://t.co/7RA9NcPQgT,49
249,-0.2023,Sat Sep 29 08:31:00 +0000 2018,0.913,0.087,@CNN,0.0,Watch a rare gulper eel change its shape right before your eyes -- a unique method it uses to intimidate predators‚Ä¶ https://t.co/nzC3Cnofq9,50
250,0.0,Sat Sep 29 08:16:02 +0000 2018,1.0,0.0,@CNN,0.0,The first case of rat hepatitis E has been discovered in a human https://t.co/lvjXReLtiT https://t.co/lX83xliAkt,51
251,0.0,Sat Sep 29 08:01:06 +0000 2018,1.0,0.0,@CNN,0.0,"He was the only one in his family to survive the Holocaust, and he's pushing Oregon state legislators to mandate th‚Ä¶ https://t.co/WzvGKIqO9Q",52
252,0.0,Sat Sep 29 07:46:06 +0000 2018,1.0,0.0,@CNN,0.0,"With six months to go before Britain formally leaves the European Union, Brexit has never looked more baffling | An‚Ä¶ https://t.co/LyMCpo7ZsR",53
253,-0.4019,Sat Sep 29 07:31:00 +0000 2018,0.863,0.137,@CNN,0.0,"She learned to swim at age 50 and now has 271 medals. Oh, and she's blind. https://t.co/6aE9ZfLp25 https://t.co/enpatLCJkN",54
254,-0.2263,Sat Sep 29 07:16:06 +0000 2018,0.811,0.119,@CNN,0.07,"China challenges Trump, saying the country will not be ""blackmailed or yield to pressure"" on trade‚Ä¶ https://t.co/gioWFMYrzQ",55
255,0.0,Sat Sep 29 07:06:02 +0000 2018,1.0,0.0,@CNN,0.0,Residents in a community north of St. Louis got some news this week they've long wanted to hear. Radioactive materi‚Ä¶ https://t.co/iKftNAfkCR,56
256,0.0,Sat Sep 29 07:01:07 +0000 2018,1.0,0.0,@CNN,0.0,"Scientists may have uncovered an entire new whale species that lived millions of years ago. 

Bones found at a land‚Ä¶ https://t.co/CPEci8kHtP",57
257,0.0,Sat Sep 29 06:46:02 +0000 2018,1.0,0.0,@CNN,0.0,Alexandria Ocasio-Cortez and Bernie Sanders are two of the biggest names in Democratic politics. Watch The Point wi‚Ä¶ https://t.co/LU0hTZLkS6,58
258,0.6597,Sat Sep 29 06:31:00 +0000 2018,0.748,0.0,@CNN,0.252,"Called ""The Passion Diamond Shoes"", these gold and diamond-encrusted stilettos are believed to be the world's most‚Ä¶ https://t.co/SlWbYMBAVM",59
259,-0.91,Sat Sep 29 06:21:01 +0000 2018,0.545,0.455,@CNN,0.0,Federal prosecutors will seek the death penalty against the suspect in New York's deadliest terror incident since 9‚Ä¶ https://t.co/ThwUJ8LqTj,60
260,0.6901,Sat Sep 29 06:16:04 +0000 2018,0.76,0.0,@CNN,0.24,"76% percent of registered voters say that Supreme Court appointments are ""very important"" to their vote in 2018, a‚Ä¶ https://t.co/nFA4qx6dBP",61
261,-0.2023,Sat Sep 29 06:06:04 +0000 2018,0.917,0.083,@CNN,0.0,"""I wanted him to be a hero,"" says one of the women who confronted Arizona Sen. Jeff Flake in a Capitol elevator https://t.co/lmupJy9O9D",62
262,-0.2732,Sat Sep 29 06:01:05 +0000 2018,0.905,0.095,@CNN,0.0,"Ted Turner is battling Lewy body dementia, the CNN founder revealed in an interview that will air over the weekend‚Ä¶ https://t.co/lujykXCSWx",63
263,0.3182,Sat Sep 29 06:01:00 +0000 2018,0.887,0.0,@CNN,0.113,"A woman who's paralyzed from the chest down can now consciously control her ability to walk, researchers say, thank‚Ä¶ https://t.co/6Ok6iqysN1",64
264,0.0,Sat Sep 29 05:53:02 +0000 2018,1.0,0.0,@CNN,0.0,US elections observers in a fiercely-contested state governor election in Nigeria say they witnessed what appeared‚Ä¶ https://t.co/bJkSuLEhuW,65
265,0.3612,Sat Sep 29 05:46:02 +0000 2018,0.857,0.0,@CNN,0.143,Stepping into this Seoul cafe feels like entering the black-and-white world of a cartoon https://t.co/fKJfO91Bp0 vi‚Ä¶ https://t.co/pX1D1hCjb7,66
266,0.0,Sat Sep 29 05:46:00 +0000 2018,1.0,0.0,@CNN,0.0,300 glowing drones illuminate the night sky in this choreographed spectacle https://t.co/B2RhWYaYzt https://t.co/u55NzjyaCD,67
267,0.1531,Sat Sep 29 05:31:00 +0000 2018,0.882,0.0,@CNN,0.118,Watch a seal slap a kayaker in the face -- with an octopus: https://t.co/o5zJ8GhVv8 https://t.co/DpY14vwL6v,68
268,-0.7506,Sat Sep 29 05:27:37 +0000 2018,0.698,0.256,@CNN,0.047,"‚ÄúI am tired of the daily chaos, the pettiness, the meanness that too often dominates the political discourse. We al‚Ä¶ https://t.co/QvRbz5c5qZ",69
269,-0.6486,Sat Sep 29 05:16:07 +0000 2018,0.837,0.163,@CNN,0.0,Half of the world's killer whales could be wiped out before the end of the century -- and it's because of pollution‚Ä¶ https://t.co/rAgxDbsEJ6,70
270,-0.8055,Sat Sep 29 05:03:25 +0000 2018,0.723,0.277,@CNN,0.0,At least 48 people are dead and more than 350 injured after a series of earthquakes and a tsunami hit the Indonesia‚Ä¶ https://t.co/RwzaqL0XIV,71
271,0.0,Sat Sep 29 05:01:08 +0000 2018,1.0,0.0,@CNN,0.0,"Limiting kids' recreational screen time to less than 2 hours a day, along with sufficient sleep and physical activi‚Ä¶ https://t.co/iRAX2JJTQD",72
272,0.0,Sat Sep 29 04:51:05 +0000 2018,1.0,0.0,@CNN,0.0,11 state lawmakers in Maryland have asked Montgomery County law enforcement officials to investigate the 36-year-ol‚Ä¶ https://t.co/uTbEB6D1nr,73
273,0.5106,Sat Sep 29 04:46:06 +0000 2018,0.769,0.0,@CNN,0.231,A half-hearted cheer for Jeff Flake | By Noah Berlatsky via @CNNOpinion https://t.co/3kHtzmYg4O https://t.co/YGFg5fMJm1,74
274,0.2942,Sat Sep 29 04:31:00 +0000 2018,0.846,0.0,@CNN,0.154,"""What is... yes?"" A ""Jeopardy!"" contestant surprised his girlfriend with a marriage proposal https://t.co/tey6M6LEfv https://t.co/qTnnGcWILe",75
275,-0.6808,Sat Sep 29 04:16:02 +0000 2018,0.763,0.237,@CNN,0.0,"Two young children died in separate incidents after being left alone in hot cars Friday in Florida, police said‚Ä¶ https://t.co/6aeNr8t73L",76
276,0.0,Sat Sep 29 03:46:05 +0000 2018,1.0,0.0,@CNN,0.0,"LeBron James' HBO documentary ""Student Athlete"" indicts the NCAA | By CNN's Brian Lowry 
 https://t.co/VDeFOmjHcf https://t.co/MDLnHlRiKD",77
277,0.5574,Sat Sep 29 03:31:05 +0000 2018,0.795,0.0,@CNN,0.205,Jeff Flake's moment: How a reliable conservative cast Brett Kavanaugh's Supreme Court confirmation into doubt‚Ä¶ https://t.co/RYoI1Yd4i8,78
278,0.0,Sat Sep 29 03:16:06 +0000 2018,1.0,0.0,@CNN,0.0,"This part of the brain holds the key to Ford's memory | By Robert M. Sapolsky, a professor of biology, neurology an‚Ä¶ https://t.co/NOTPOuOOua",79
279,0.4939,Sat Sep 29 03:05:07 +0000 2018,0.862,0.0,@CNN,0.138,"RT @CNNTonight: Samantha Guerry says her longtime friend, Christine Blasey Ford says ""there's [political] agendas on both sides. The one pe‚Ä¶",80
280,-0.2235,Sat Sep 29 03:01:09 +0000 2018,0.683,0.204,@CNN,0.112,Israeli Prime Minister Benjamin Netanyahu would not commit to a two-state solution to Israel's ongoing conflict wit‚Ä¶ https://t.co/GIHnLu5tfK,81
281,-0.5719,Sat Sep 29 02:56:17 +0000 2018,0.85,0.15,@CNN,0.0,An American flag shown on a livestream as it was shredded by the fury of Hurricane Florence is being auctioned to h‚Ä¶ https://t.co/EE4Y8denkj,82
282,-0.4838,Sat Sep 29 02:53:08 +0000 2018,0.75,0.167,@CNN,0.083,"RT @CuomoPrimeTime: .@chriscuomo on a surprising end to a turbulent week: 

If senators could make something happen on an issue so ugly and‚Ä¶",83
283,0.4939,Sat Sep 29 02:52:50 +0000 2018,0.862,0.0,@CNN,0.138,"RT @CNNTonight: Samantha Guerry, a longtime friend of Christine Blasey Ford tells CNN's @DonLemon that the order for the FBI to investigate‚Ä¶",84
284,0.0,Sat Sep 29 02:46:07 +0000 2018,1.0,0.0,@CNN,0.0,"Washington's wild, unresolved week https://t.co/f79x6WHY6u https://t.co/W16MFofw5O",85
285,0.0,Sat Sep 29 02:31:02 +0000 2018,1.0,0.0,@CNN,0.0,Residents in a community north of St. Louis got some news this week they've longed wanted to hear. Radioactive mate‚Ä¶ https://t.co/qCT8VjWfF0,86
286,0.34,Sat Sep 29 02:16:07 +0000 2018,0.841,0.0,@CNN,0.159,"""Millions of Americans could follow live something that looked like a search for truth, but only on the surface. ..‚Ä¶ https://t.co/81quaeom0L",87
287,0.4391,Sat Sep 29 02:14:20 +0000 2018,0.83,0.0,@CNN,0.17,"RT @OutFrontCNN: Deborah Ford Peters, Christine Blasey Ford's sister-in-law on Kavanaugh: ""I felt like he was extremely defensive even to t‚Ä¶",88
288,-0.2263,Sat Sep 29 02:01:09 +0000 2018,0.905,0.095,@CNN,0.0,"A federal judge in Washington, DC, ruled that a lawsuit brought by more than 200 Democrats in Congress against Pres‚Ä¶ https://t.co/R7e0jYZGYY",89
289,0.0,Sat Sep 29 02:01:00 +0000 2018,1.0,0.0,@CNN,0.0,Meet DJ Switch: A 10-year-old girl from Ghana who wants to be a gynecologist when she grows up. Erica Armah Bra-Bul‚Ä¶ https://t.co/YKb5O9WgfJ,90
290,0.4939,Sat Sep 29 01:59:49 +0000 2018,0.856,0.0,@CNN,0.144,RT @CuomoPrimeTime: Democrat @ChrisCoons describes the dramatic private conversation he had with Sen. Flake leading to an agreement for an‚Ä¶,91
291,0.0,Sat Sep 29 01:59:30 +0000 2018,1.0,0.0,@CNN,0.0,"RT @CuomoPrimeTime: Former Yale classmate of Brett Kavanaugh, Liz Swisher, describes him as ‚Äúone of the beer drinking boys,‚Äù saying she nev‚Ä¶",92
292,-0.2732,Sat Sep 29 01:53:03 +0000 2018,0.905,0.095,@CNN,0.0,"Ted Turner is battling Lewy body dementia, the CNN founder revealed in an interview that will air over the weekend‚Ä¶ https://t.co/8im8iY4DQf",93
293,0.0,Sat Sep 29 01:49:50 +0000 2018,1.0,0.0,@CNN,0.0,The last abortion clinic in Kentucky can stay open after a federal judge threw out a state law on licensing agreeme‚Ä¶ https://t.co/O66Qb5GYLf,94
294,-0.886,Sat Sep 29 01:45:46 +0000 2018,0.606,0.394,@CNN,0.0,"At least one person died and 10 were injured, according to Indonesia's Disaster Management Agency, after a series o‚Ä¶ https://t.co/JcvcWBAGNM",95
295,0.0,Sat Sep 29 01:41:05 +0000 2018,1.0,0.0,@CNN,0.0,"He was the only one in his family to survive the Holocaust, and he's pushing Oregon state legislators to mandate th‚Ä¶ https://t.co/m8GZOV5qml",96
296,0.0,Sat Sep 29 01:36:00 +0000 2018,1.0,0.0,@CNN,0.0,300 glowing drones illuminate the night sky in this choreographed spectacle https://t.co/B2RhWXTnHV https://t.co/z279VXXjjS,97
297,0.0,Sat Sep 29 01:31:06 +0000 2018,1.0,0.0,@CNN,0.0,McDonald's is removing artificial additives from its burgers https://t.co/XiawloGSkD https://t.co/WPCdJlq4pS,98
298,0.2732,Sat Sep 29 01:26:00 +0000 2018,0.896,0.0,@CNN,0.104,SiriusXM is buying Pandora in a $3.5 billion all-stock deal. The deal will create the world's largest audio enterta‚Ä¶ https://t.co/ttyGjlJI28,99
299,0.0,Sat Sep 29 01:21:03 +0000 2018,1.0,0.0,@CNN,0.0,Democrats seize on circumstantial July 1 theory for Kavanaugh and Ford | Analysis by CNN's Z. Byron Wolf‚Ä¶ https://t.co/20chDzhvrO,100
300,0.5919,Sun Sep 30 01:43:00 +0000 2018,0.788,0.0,@Foxnews,0.212,"SUNDAY: Don't miss Kentucky Gov. @MattBevin on ""Life, Liberty and Levin"" hosted by @marklevinshow. Tune in at 11p E‚Ä¶ https://t.co/pBAGl2huuZ",1
301,-0.296,Sun Sep 30 01:40:00 +0000 2018,0.708,0.175,@Foxnews,0.118,Sen. @LindseyGrahamSC says McCain's anger at Kavanaugh hearing 'would have made me look like a choir boy' https://t.co/YYpdwDLimf,2
302,-0.25,Sun Sep 30 01:30:00 +0000 2018,0.696,0.184,@Foxnews,0.12,"Shark attacks spark concern for Cape Cod beachgoers: 'They're eating our children'
https://t.co/ABVyrQGBj9",3
303,0.6808,Sun Sep 30 01:20:00 +0000 2018,0.641,0.0,@Foxnews,0.359,"Texas Senate race between @TedCruz, @BetoORourke generating excitement, boosting congressional races. https://t.co/mW9O5UiY4G",4
304,0.7906,Sun Sep 30 01:16:59 +0000 2018,0.696,0.0,@Foxnews,0.304,"Rep. @DevinNunes: ""When you take a Supreme Court justice, and you have senators talking about high school yearbooks‚Ä¶ https://t.co/Mi5ENqhUGo",5
305,0.0,Sun Sep 30 01:11:31 +0000 2018,1.0,0.0,@Foxnews,0.0,".@JudgeJeanine: ""The establishment Republicans have buckled, caved and bowed to the Democrats."" https://t.co/bR7nbTuMe4",6
306,0.0,Sun Sep 30 01:05:00 +0000 2018,1.0,0.0,@Foxnews,0.0,"Speaking with reporters at the @WhiteHouse before his departure to West Virginia for a rally Saturday, President‚Ä¶ https://t.co/jcHMMhpEsu",7
307,0.0,Sun Sep 30 00:55:00 +0000 2018,1.0,0.0,@Foxnews,0.0,"Russia, North Korea use UN General Assembly to blast US. https://t.co/xikiCMnDe5",8
308,-0.5994,Sun Sep 30 00:51:15 +0000 2018,0.769,0.231,@Foxnews,0.0,".@SebGorka: ""This is politics in 2018 and it should disgust all Americans."" @WattersWorld https://t.co/9nGcz8FNzN",9
309,-0.6369,Sun Sep 30 00:46:54 +0000 2018,0.729,0.271,@Foxnews,0.0,"Trump defends Kavanaugh, derides Dems for shameful conduct and socialist shift during West Virginia rally. https://t.co/qQm4MwmD95",10
310,0.0,Sun Sep 30 00:42:04 +0000 2018,1.0,0.0,@Foxnews,0.0,".@POTUS: ""Together we are taking back our country, and returning power to where it belongs‚Äîto the American people.""‚Ä¶ https://t.co/zSGySvpSJk",11
311,0.7073,Sun Sep 30 00:30:33 +0000 2018,0.755,0.0,@Foxnews,0.245,".@POTUS on North Korea: ""Now we have this great relationship, let's see what happens."" https://t.co/Hb6tsSeyTI https://t.co/q0AqhZB80g",12
312,0.3384,Sun Sep 30 00:22:19 +0000 2018,0.854,0.0,@Foxnews,0.146,".@POTUS on trade: ""China, we're taking them on very strongly. First time ever."" https://t.co/Hb6tsSeyTI https://t.co/h0fKLMScW6",13
313,0.4168,Sun Sep 30 00:18:09 +0000 2018,0.835,0.0,@Foxnews,0.165,".@POTUS: ""Republicans believe America should be a sanctuary for law abiding Americans, not criminal aliens.""‚Ä¶ https://t.co/DukJfuysuc",14
314,-0.3182,Sun Sep 30 00:12:00 +0000 2018,0.874,0.126,@Foxnews,0.0,"TOMORROW: @benshapiro breaks down the Kavanaugh accusations, the hearings and D.C. hypocrisy on the second edition‚Ä¶ https://t.co/fwJI1D3sLY",15
315,0.0,Sun Sep 30 00:08:49 +0000 2018,1.0,0.0,@Foxnews,0.0,".@POTUS on Sen. @CoryBooker: ""He ran Newark, New Jersey, into the ground and now he wants to be president.""‚Ä¶ https://t.co/TF1FLbmPKZ",16
316,0.0,Sun Sep 30 00:02:10 +0000 2018,1.0,0.0,@Foxnews,0.0,".@POTUS on the border wall: ""We're building it...we'll get it finished."" https://t.co/IBcnOJrLHo",17
317,0.6087,Sat Sep 29 23:41:58 +0000 2018,0.801,0.0,@Foxnews,0.199,".@POTUS: ""A vote to confirm Judge Kavanaugh is a vote to confirm one of the most accomplished legal minds of our ti‚Ä¶ https://t.co/YJqvAitmI1",18
318,-0.4131,Sat Sep 29 23:36:35 +0000 2018,0.745,0.166,@Foxnews,0.089,".@POTUS on @SenFeinstein's response that she didn't leak the Ford document: ""That was really bad body language. Who‚Ä¶ https://t.co/v5mi6skXKo",19
319,0.7579,Sat Sep 29 23:31:15 +0000 2018,0.606,0.0,@Foxnews,0.394,".@POTUS: ""America is winning again and America is respected again."" https://t.co/Hb6tsSeyTI https://t.co/ICF0xKg7Da",20
320,0.0,Sat Sep 29 23:22:15 +0000 2018,1.0,0.0,@Foxnews,0.0,.@POTUS holds a rally in West Virginia. https://t.co/SLhMJLDbjm https://t.co/XZtJHSYDmu,21
321,0.0,Sat Sep 29 23:20:00 +0000 2018,1.0,0.0,@Foxnews,0.0,"NEW: White House instructs FBI to question first two Kavanaugh accusers, but not the third, according to a report. https://t.co/labjueHstw",22
322,-0.296,Sat Sep 29 23:15:00 +0000 2018,0.804,0.196,@Foxnews,0.0,"North Carolina residents should avoid Florence-affected waters, officials say. https://t.co/OJtMuNGD58",23
323,0.4939,Sat Sep 29 23:09:06 +0000 2018,0.775,0.0,@Foxnews,0.225,"'It Was Heartbreaking': Friend of Kavanaugh Reacts to Hearings, FBI Probe. https://t.co/ZDOJPImbEz",24
324,-0.296,Sat Sep 29 22:52:00 +0000 2018,0.708,0.175,@Foxnews,0.118,.@kayleighmcenany: Kavanaugh horror show is what Washington will look like if Democrats take back power. (via‚Ä¶ https://t.co/tj5Ljdexr2,25
325,0.1531,Sat Sep 29 22:45:00 +0000 2018,0.585,0.165,@Foxnews,0.25,Canadian woman‚Äôs text to the wrong number brings a kind stranger to family wake. https://t.co/ImY62ql3MG,26
326,-0.8885,Sat Sep 29 22:35:00 +0000 2018,0.489,0.511,@Foxnews,0.0,"Indiana couple whose baby died after ingesting meth arrested, charged with neglect, police say. https://t.co/fjoqRvCOS5",27
327,0.0,Sat Sep 29 22:25:00 +0000 2018,1.0,0.0,@Foxnews,0.0,'Don't Lie to Me': Barbra Streisand Blasts President Trump in Song Off 'Walls' Album. https://t.co/3lrA4P2bTX,28
328,-0.6486,Sat Sep 29 22:19:40 +0000 2018,0.71,0.29,@Foxnews,0.0,"Texas man reportedly attacked by two pit bulls loses both ears, graphic photos show. https://t.co/ZjnxT3fvdu",29
329,0.296,Sat Sep 29 22:07:00 +0000 2018,0.714,0.11,@Foxnews,0.176,FBI contacts 2nd Kavanaugh accuser; Trump says extra scrutiny may be 'blessing in disguise' https://t.co/fhFraiQleR,30
330,-0.1027,Sat Sep 29 22:05:53 +0000 2018,0.928,0.072,@Foxnews,0.0,"JUST IN: Elon Musk to step down as chairman of @Tesla, pay $20M in penalties in SEC settlement. https://t.co/oBC45qnEAB",31
331,0.0,Sat Sep 29 22:05:00 +0000 2018,1.0,0.0,@Foxnews,0.0,SUNDAY: Fox News goes inside the Kavanaugh nomination and next steps. Tune in for live coverage starting at 9p ET. https://t.co/K7ydliMVic,32
332,0.0191,Sat Sep 29 21:59:00 +0000 2018,0.858,0.069,@Foxnews,0.073,SUNDAY: Don't miss @PressSec's exclusive interview on @FoxNewsSunday. Check your local listings and tune in at 2p a‚Ä¶ https://t.co/WEQfex0AEE,33
333,0.0,Sat Sep 29 21:52:43 +0000 2018,1.0,0.0,@Foxnews,0.0,"Season 7 of 'Last Man Standing' debuts on new network, Fox, to big Friday-night ratings. https://t.co/VIkrurfqVs",34
334,0.0516,Sat Sep 29 21:40:00 +0000 2018,0.769,0.111,@Foxnews,0.12,".@POTUS: ""I would like to find out as part of [the FBI investigation] who leaked the papers."" https://t.co/fDY5XEezMK",35
335,0.0,Sat Sep 29 21:35:00 +0000 2018,1.0,0.0,@Foxnews,0.0,".@POTUS on FBI investigation into Judge Kavanaugh: ""Having them do a thorough investigation, I actually think will‚Ä¶ https://t.co/l9N96G72yC",36
336,0.7906,Sat Sep 29 21:29:56 +0000 2018,0.533,0.0,@Foxnews,0.467,".@POTUS on Kavanaugh: ""He's a good man. He's a great judge."" https://t.co/qjDPyRwY8V",37
337,0.5106,Sat Sep 29 21:24:58 +0000 2018,0.852,0.0,@Foxnews,0.148,".@POTUS on FBI investigation into Judge Kavanaugh: ""They have free rein. They're going to do whatever they have to‚Ä¶ https://t.co/7MMrhrYxXB",38
338,0.0,Sat Sep 29 21:16:22 +0000 2018,1.0,0.0,@Foxnews,0.0,.@POTUS departs Andrews Air Force Base en route to a rally in West Virginia. Tune in to Fox News Channel for LIVE c‚Ä¶ https://t.co/FsoyIf4wqJ,39
339,-0.765,Sat Sep 29 21:06:02 +0000 2018,0.663,0.337,@Foxnews,0.0,.@SteveHiltonx: Kavanaugh hearing shows divisive Democrats must be defeated before they destroy America. (via‚Ä¶ https://t.co/dQzAyuDwhp,40
340,0.0,Sat Sep 29 20:55:44 +0000 2018,1.0,0.0,@Foxnews,0.0,"The 7.5 magnitude earthquake in Indonesia triggered a massive tsunami, leaving at least 300 dead.‚Ä¶ https://t.co/mn4rkG4MBB",41
341,0.0,Sat Sep 29 20:50:42 +0000 2018,1.0,0.0,@Foxnews,0.0,"NYC airport workers to earn nation's highest minimum wage.
https://t.co/og3aG0vfp0",42
342,-0.1779,Sat Sep 29 20:43:46 +0000 2018,0.914,0.086,@Foxnews,0.0,"Lindsay Lohan gets punched in the face after accusing refugee parents of trafficking, trying to take the kids. https://t.co/NnLJMQhAAL",43
343,0.5106,Sat Sep 29 20:27:13 +0000 2018,0.809,0.0,@Foxnews,0.191,Dog in Virginia possibly 'clawed' its way out of plastic bag prior to rescue. https://t.co/gvv7K7w1K0,44
344,-0.7269,Sat Sep 29 20:16:08 +0000 2018,0.617,0.326,@Foxnews,0.057,"New details: Boy, 13, attacked by shark in San Diego County during diving trip, suffers serious injuries. https://t.co/HW7WjVPreE",45
345,-0.3182,Sat Sep 29 20:00:41 +0000 2018,0.85,0.15,@Foxnews,0.0,Sen. @JeffFlake defends call for Kavanaugh delay: 'We're coming apart at the seams' https://t.co/2mhgYVqgwO,46
346,-0.6705,Sat Sep 29 19:52:00 +0000 2018,0.64,0.36,@Foxnews,0.0,Two police officers killed after shootout in Mississippi. https://t.co/rHXSCtvOQA,47
347,0.0,Sat Sep 29 19:45:20 +0000 2018,1.0,0.0,@Foxnews,0.0,"BREAKING: FBI contacts second Kavanaugh accuser, Deborah Ramirez, as part of newly authorized investigation. https://t.co/l52xQrtZyJ",48
348,0.0,Sat Sep 29 19:37:57 +0000 2018,1.0,0.0,@Foxnews,0.0,".@VP Mike Pence takes the stage with his son, @USMC 1st Lt. Michael Pence (left), who was among seven aviators earn‚Ä¶ https://t.co/SAsar44Tgy",49
349,-0.7906,Sat Sep 29 19:22:40 +0000 2018,0.533,0.467,@Foxnews,0.0,Florida woman arrested in hot-car death of 1-year-old daughter. https://t.co/Frl2V2NtRx,50
350,-0.5423,Sat Sep 29 19:09:22 +0000 2018,0.821,0.179,@Foxnews,0.0,.@JohnFund: Kavanaugh debate is exactly why our founders thought early voting was a bad idea. (via @FoxNewsOpinion) https://t.co/pcmEty1SXe,51
351,0.2023,Sat Sep 29 18:54:21 +0000 2018,0.899,0.0,@Foxnews,0.101,North Korea agrees to dismantle nuclear site if U.S. reduces ground forces in South Korea. https://t.co/wh2tz8WlrY https://t.co/cpHr75SfxS,52
352,0.5919,Sat Sep 29 18:42:00 +0000 2018,0.788,0.0,@Foxnews,0.212,"SUNDAY: Don't miss Kentucky Gov. @MattBevin on ""Life, Liberty and Levin"" hosted by @marklevinshow. Tune in at 11p E‚Ä¶ https://t.co/s3iuLjWduD",53
353,-0.8519,Sat Sep 29 18:40:00 +0000 2018,0.518,0.482,@Foxnews,0.0,"Sarah Palin's eldest son, Track, arrested on domestic violence charges, police say. https://t.co/cK8MSHsAoh",54
354,0.2732,Sat Sep 29 18:30:59 +0000 2018,0.778,0.078,@Foxnews,0.144,Facebook announced nearly 50 million accounts were exposed during a major security breach. @Jeff_Journalist reports‚Ä¶ https://t.co/FQtuYGxQ1P,55
355,-0.7269,Sat Sep 29 18:20:00 +0000 2018,0.58,0.357,@Foxnews,0.063,"Boy, 13, attacked by shark in San Diego County during diving trip, suffers serious injuries. https://t.co/HW7WjVPreE",56
356,0.0,Sat Sep 29 18:14:00 +0000 2018,1.0,0.0,@Foxnews,0.0,"TONIGHT: @POTUS holds a rally in Wheeling, West Virginia at 7p ET. Tune in to Fox News Channel for LIVE coverage. https://t.co/FBWGoxLf2Y",57
357,-0.0762,Sat Sep 29 18:07:00 +0000 2018,0.733,0.141,@Foxnews,0.126,North Korean foreign minister says country will never disarm nuclear weapons without trust in US https://t.co/qfB66jzgL3,58
358,0.0,Sat Sep 29 18:00:00 +0000 2018,1.0,0.0,@Foxnews,0.0,Kanye West announces his new name is 'Ye' ahead of 'SNL' appearance https://t.co/cQJMFSHF4e,59
359,0.0,Sat Sep 29 17:55:00 +0000 2018,1.0,0.0,@Foxnews,0.0,Joanna Gaines and Jenna Bush Hager attend Reese Witherspoon's book launch in Texas https://t.co/VHNMtBFdGD,60
360,0.0,Sat Sep 29 17:50:00 +0000 2018,1.0,0.0,@Foxnews,0.0,"This Texas man and his ""backup dancers"" were never out of step with each other. https://t.co/ltcHo8yDWn",61
361,0.6597,Sat Sep 29 17:40:00 +0000 2018,0.748,0.0,@Foxnews,0.252,"REFRESHING: Thunder, a dog in Illinois, has upgraded from a water bowl. This clever pooch gets water straight from‚Ä¶ https://t.co/yassu7iQ3h",62
362,-0.3182,Sat Sep 29 17:36:52 +0000 2018,0.813,0.187,@Foxnews,0.0,Cassidy: FBI Should Investigate Dems' Efforts to Delay Kavanaugh Confirmation https://t.co/uGQtDmZ7QV,63
363,-0.4019,Sat Sep 29 17:35:00 +0000 2018,0.769,0.231,@Foxnews,0.0,LOOK: Pelosi Calls Republicans 'Despicable' in Misleading Fundraising Email https://t.co/jkYCNrIvvN,64
364,0.5319,Sat Sep 29 17:30:00 +0000 2018,0.76,0.0,@Foxnews,0.24,SEAL SLAP: A kayaker in New Zealand had a surprise visitor ‚Äî who smacked him with an octopus. https://t.co/Wj71D7kK8u,65
365,0.1531,Sat Sep 29 17:23:00 +0000 2018,0.585,0.165,@Foxnews,0.25,Canadian woman‚Äôs text to the wrong number brings a kind stranger to family wake https://t.co/ImY62q3sV8,66
366,-0.7506,Sat Sep 29 17:15:00 +0000 2018,0.672,0.277,@Foxnews,0.05,".@MichelleObama: ‚ÄúI am tired of the daily chaos, the pettiness, the meanness that too often dominates the political‚Ä¶ https://t.co/5cx4k96pnU",67
367,0.0,Sat Sep 29 17:05:00 +0000 2018,1.0,0.0,@Foxnews,0.0,'Last Man Standing' star Tim Allen says it's 'nobody's business' what he thinks about politics https://t.co/PYtsqdgVqJ,68
368,0.2263,Sat Sep 29 16:58:36 +0000 2018,0.787,0.0,@Foxnews,0.213,Soldier Returning from Afghanistan Surprises 5-Year-Old Daughter https://t.co/jlJ5J5F0J5,69
369,0.3818,Sat Sep 29 16:51:00 +0000 2018,0.88,0.0,@Foxnews,0.12,The U.S. Navy Blue Angels perform a dynamic aerial maneuver during the 2018 Marine Corps Air Station Miramar Air Sh‚Ä¶ https://t.co/0odXp96Nij,70
370,0.0772,Sat Sep 29 16:44:54 +0000 2018,0.874,0.0,@Foxnews,0.126,"Paralyzed patients take first steps after implant, intense rehab https://t.co/yzYR8uZuqx",71
371,0.0,Sat Sep 29 16:40:32 +0000 2018,1.0,0.0,@Foxnews,0.0,RT @FoxBusiness: World's first flying car about to go on sale  https://t.co/SgxFQnF9g8,72
372,0.5423,Sat Sep 29 16:40:11 +0000 2018,0.72,0.0,@Foxnews,0.28,RT @FoxBusiness: Americans' optimism on economy near two-decade high  https://t.co/csUQIam7xq,73
373,0.5719,Sat Sep 29 16:39:48 +0000 2018,0.778,0.0,@Foxnews,0.222,RT @FoxBusiness: Boeing wins $2.4 billion Air Force contract for new Huey helicopter https://t.co/d0edWlGE2k,74
374,0.1027,Sat Sep 29 16:22:51 +0000 2018,0.773,0.105,@Foxnews,0.123,"Critical moments for our country need real, smart coverage. That‚Äôs why for the Kavanaugh hearings, more Americans t‚Ä¶ https://t.co/WCUfEvNPzO",75
375,-0.296,Sat Sep 29 16:13:12 +0000 2018,0.885,0.115,@Foxnews,0.0,'Jeff Flake Has No Spine': Bongino Says Lawmaker 'Sold Out the GOP' With Call for Kavanaugh Probe https://t.co/kqu0nB29BS,76
376,0.5386,Sat Sep 29 16:09:54 +0000 2018,0.764,0.055,@Foxnews,0.181,"Steve Pomerantz: ‚ÄúThe FBI never reaches a conclusion, but hopefully they provide enough information within their re‚Ä¶ https://t.co/VYdcCKVW9j",77
377,0.4939,Sat Sep 29 16:00:20 +0000 2018,0.775,0.0,@Foxnews,0.225,"'It Was Heartbreaking': Friend of Kavanaugh Reacts to Hearings, FBI Probe https://t.co/tkfpfIpSav",78
378,0.0191,Sat Sep 29 15:54:35 +0000 2018,0.858,0.069,@Foxnews,0.073,SUNDAY: Don't miss @PressSec's exclusive interview on @FoxNewsSunday. Check your local listings and tune in at 2p a‚Ä¶ https://t.co/bZxOvLEosK,79
379,-0.5267,Sat Sep 29 15:53:09 +0000 2018,0.614,0.386,@Foxnews,0.0,Michael Moore slams ex-wife's lawsuit as a 'smear campaign' https://t.co/Uq9cyfzNAj,80
380,-0.5106,Sat Sep 29 15:45:50 +0000 2018,0.699,0.301,@Foxnews,0.0,Maryland authorities say they'll investigate Kavanaugh -- if a victim files a complaint https://t.co/MOUtqsYuNL,81
381,-0.5859,Sat Sep 29 15:24:32 +0000 2018,0.542,0.343,@Foxnews,0.114,Amal Clooney fights to have imprisoned journalists pardoned at UN conference https://t.co/BsLmzLYxz7,82
382,-0.1779,Sat Sep 29 15:21:35 +0000 2018,0.541,0.222,@Foxnews,0.238,Joshua Rogers: I tried to help two hostages escape terrorists. Here's what happened https://t.co/lqmv8F0li1,83
383,-0.5423,Sat Sep 29 15:09:43 +0000 2018,0.741,0.259,@Foxnews,0.0,"Peter Navarro: ‚ÄúNAFTA was a tremendous, tremendous harm to this country.‚Äù https://t.co/HA7OpayWcz",84
384,0.7351,Sat Sep 29 15:01:25 +0000 2018,0.763,0.0,@Foxnews,0.237,Peter Navarro: ‚ÄúMost of the big issues are solved with Canada. It‚Äôs a great deal for all three countries in that it‚Ä¶ https://t.co/JN060VIVzo,85
385,-0.3412,Sat Sep 29 14:50:25 +0000 2018,0.901,0.099,@Foxnews,0.0,"Peter Navarro: ‚ÄúAt the end of the day, this president is not going to take a deal that‚Äôs not good for this county.‚Äù https://t.co/R48KVRd34T",86
386,0.0,Sat Sep 29 14:42:58 +0000 2018,1.0,0.0,@Foxnews,0.0,.@repcleaver: ‚ÄúWhat we saw yesterday was an undignified dogfight parading as a hearing.‚Äù https://t.co/AT6o6lClnR,87
387,0.0,Sat Sep 29 14:38:40 +0000 2018,1.0,0.0,@Foxnews,0.0,".@repcleaver: ‚ÄúBoth sides, Republicans and Democrats, went into the hearing saying, ‚Äòthe other side has a closed mi‚Ä¶ https://t.co/aqf5rfYE9x",88
388,-0.296,Sat Sep 29 14:26:10 +0000 2018,0.693,0.183,@Foxnews,0.124,Graham says McCain's anger at Kavanaugh hearing 'would have made me look like a choir boy' https://t.co/cRKfSPBbPY,89
389,-0.3182,Sat Sep 29 14:13:00 +0000 2018,0.874,0.126,@Foxnews,0.0,"TOMORROW: @benshapiro breaks down the Kavanaugh accusations, the hearings and D.C. hypocrisy on the second edition‚Ä¶ https://t.co/kJkVzzybcw",90
390,0.0,Sat Sep 29 14:10:11 +0000 2018,1.0,0.0,@Foxnews,0.0,.@GriffJenkins is live with the ‚ÄòFox News Update‚Äô on Facebook Watch: https://t.co/hNrB8xzepH https://t.co/Lqu82OcuQD,91
391,-0.1779,Sat Sep 29 14:05:08 +0000 2018,0.667,0.193,@Foxnews,0.141,Bride surprises groom with first look at his mother‚Äôs grave https://t.co/RNgniKBo89,92
392,0.8398,Sat Sep 29 14:02:17 +0000 2018,0.609,0.0,@Foxnews,0.391,.@SteveDoocy and his new ‚ÄòThe Happy Cookbook‚Äô -- Want an instant happy place? Make a pot roast! https://t.co/Z1up344276,93
393,-0.765,Sat Sep 29 13:50:27 +0000 2018,0.577,0.423,@Foxnews,0.0,JUST IN: Two police officers dead following confrontation in Mississippi https://t.co/VYRX0Q1rmg,94
394,0.0,Sat Sep 29 13:41:17 +0000 2018,1.0,0.0,@Foxnews,0.0,Shark in Bahamas tries eating fisherman's boat motor https://t.co/Suc975UA9b,95
395,0.6486,Sat Sep 29 13:31:40 +0000 2018,0.762,0.0,@Foxnews,0.238,".@RepGoodlatte: ‚ÄúI issued a subpoena to the Justice Department, compelling them to issue the McCabe memos to the Co‚Ä¶ https://t.co/WUYJaTUAwZ",96
396,0.5423,Sat Sep 29 13:20:00 +0000 2018,0.727,0.0,@Foxnews,0.273,".@RajShah45: ‚ÄúTo reassure certain senators, the president has ordered this supplemental FBI probe.‚Äù https://t.co/akpqU5c3DU",97
397,0.5423,Sat Sep 29 13:16:41 +0000 2018,0.727,0.0,@Foxnews,0.273,".@RajShah45: ‚ÄúTo reassure certain senators, the president has ordered this supplemental FBI probe.‚Äù https://t.co/AdMpCaO0bB",98
398,0.0772,Sat Sep 29 13:15:00 +0000 2018,0.654,0.159,@Foxnews,0.187,"Wanda Sykes' Trump jokes lead to heckling, walkouts https://t.co/2QiOEGpXMd",99
399,0.3802,Sat Sep 29 13:03:54 +0000 2018,0.895,0.0,@Foxnews,0.105,RT @foxnation: Word is spreading fast about Fox Nation! Watch our new national ad and be sure to sign up for updates: https://t.co/N6LRGAVR‚Ä¶,100
400,0.6486,Sun Sep 30 01:35:03 +0000 2018,0.782,0.0,@NYTimes,0.218,RT @nytimesmusic: Pill testing has also become more common over the past few years at festivals in the United States https://t.co/iMINACZEKm,1
401,-0.4767,Sun Sep 30 01:25:08 +0000 2018,0.512,0.34,@NYTimes,0.149,"Panic in Central Park: Noise at Global Citizen Festival Was Fallen Barrier, Not Gunshots https://t.co/RWqLi2fLMC",2
402,0.7579,Sun Sep 30 01:19:38 +0000 2018,0.746,0.0,@NYTimes,0.254,"""I feel like it was a message being sent: 'Don‚Äôt be like Tara or you will end up like Tara,'"" one woman said of the‚Ä¶ https://t.co/X6ADa3Jsjq",3
403,0.4215,Sun Sep 30 01:03:22 +0000 2018,0.743,0.0,@NYTimes,0.257,"U.S. Weighed Penalizing El Salvador Over Support for China, Then Backed Off https://t.co/TkBOYa8uPO",4
404,0.3919,Sun Sep 30 01:02:39 +0000 2018,0.865,0.0,@NYTimes,0.135,"Christine Blasey Ford's composed, but wrenching, testimony was ""a stark reminder of the gender dynamics, and mental‚Ä¶ https://t.co/JcSJ1sduYP",5
405,0.3818,Sun Sep 30 00:45:18 +0000 2018,0.86,0.0,@NYTimes,0.14,Here are 3 things an FBI investigation into Christine Blasey Ford's allegations against Kavanaugh could clear up. https://t.co/kzlrRZksSG,6
406,0.5267,Sun Sep 30 00:26:54 +0000 2018,0.764,0.0,@NYTimes,0.236,"Japan‚Äôs Mothers Go Back to Work, but Find the Opportunities Lacking https://t.co/N6tX0JO4vJ",7
407,-0.3818,Sun Sep 30 00:23:20 +0000 2018,0.794,0.206,@NYTimes,0.0,"On Crowded London Streets, Councils Fight a Flood of Phone Boxes https://t.co/NYg9Yxk2Vz",8
408,0.25,Sun Sep 30 00:21:31 +0000 2018,0.889,0.0,@NYTimes,0.111,"In the Connecticut wilderness, a Portuguese hotel designer has created an unexpected respite that retains the magic‚Ä¶ https://t.co/7O77L21MyG",9
409,-0.1027,Sun Sep 30 00:05:00 +0000 2018,0.909,0.091,@NYTimes,0.0,Warren Says She Will Take ‚ÄòA Hard Look‚Äô at Running for President in 2020 https://t.co/L34wqV5e2M,10
410,-0.1027,Sat Sep 29 23:54:36 +0000 2018,0.935,0.065,@NYTimes,0.0,Senator Elizabeth Warren says she would ‚Äútake a hard look‚Äù at running for president in 2020 and called on the natio‚Ä¶ https://t.co/OTvefIubRm,11
411,0.5106,Sat Sep 29 23:40:06 +0000 2018,0.732,0.0,@NYTimes,0.268,Roast a chicken and you know you have a comfortable meal https://t.co/fCEZkKuow9,12
412,0.0,Sat Sep 29 23:22:24 +0000 2018,1.0,0.0,@NYTimes,0.0,"Yankees 8, Red Sox 5: Yankees Send One Over the Fence and Into the Record Book https://t.co/Nw6IAy9L6h",13
413,-0.743,Sat Sep 29 23:15:07 +0000 2018,0.741,0.259,@NYTimes,0.0,"With all of its emotion and anger, the fight over Brett Kavanaugh‚Äôs nomination shows the power ‚Äî and limitations ‚Äî‚Ä¶ https://t.co/noh4jNNSNi",14
414,0.6369,Sat Sep 29 23:11:23 +0000 2018,0.488,0.0,@NYTimes,0.512,Why I Love Reality Television https://t.co/AGqWcEkMpq,15
415,0.0,Sat Sep 29 23:00:05 +0000 2018,1.0,0.0,@NYTimes,0.0,"The ancient roads, pyramids and houses revealed by laser mapping are forcing researchers to reevaluate what they th‚Ä¶ https://t.co/baWBR8vmel",16
416,0.0,Sat Sep 29 22:59:43 +0000 2018,1.0,0.0,@NYTimes,0.0,"In KFC‚Äôs China Ads, Nuggets Are Served With Patriotism https://t.co/6NkG3Ummnl",17
417,-0.8225,Sat Sep 29 22:52:39 +0000 2018,0.677,0.323,@NYTimes,0.0,RT @nytopinion: The battle between the competing moralisms behind the Kavanaugh hearings risks becoming an all-out war between the sexes ‚Äî‚Ä¶,18
418,0.8625,Sat Sep 29 22:40:08 +0000 2018,0.548,0.071,@NYTimes,0.381,"RT @nytimesworld: ‚ÄúWithout any trust in the United States, there will be no confidence in our national security, and under such circumstanc‚Ä¶",19
419,0.6369,Sat Sep 29 22:26:18 +0000 2018,0.802,0.0,@NYTimes,0.198,"The single best use of boneless, skinless chicken breasts? Make chicken francese, an Italian-American staple with l‚Ä¶ https://t.co/RlGsumk7mI",20
420,0.0,Sat Sep 29 22:10:07 +0000 2018,1.0,0.0,@NYTimes,0.0,"As others fled amid a 7.5 magnitude earthquake, the last act of an air traffic controller in Palu, Indonesia was to‚Ä¶ https://t.co/krLnJkGH9P",21
421,0.1027,Sat Sep 29 21:58:37 +0000 2018,0.862,0.06,@NYTimes,0.078,Breaking News: Elon Musk will step down as Tesla's chairman for 3 years and pay a $20 million fine in an S.E.C. set‚Ä¶ https://t.co/BqwBhxl4xT,22
422,0.0,Sat Sep 29 21:44:42 +0000 2018,1.0,0.0,@NYTimes,0.0,RT @NYTScience: Their dad went to the moon and back. He wanted to know if they mowed the lawn. https://t.co/CFi9Hyye3a,23
423,0.0,Sat Sep 29 21:30:12 +0000 2018,1.0,0.0,@NYTimes,0.0,"Train stations, some remade and others crumbling, reflect the trajectories of their towns and cities. See what we f‚Ä¶ https://t.co/icEIVfkdLi",24
424,-0.2732,Sat Sep 29 21:15:06 +0000 2018,0.89,0.11,@NYTimes,0.0,"In Opinion

Op-Ed contributor Rebecca Traister writes, ""This political moment has provoked a period in which more a‚Ä¶ https://t.co/2bLeiEnY5c",25
425,0.0,Sat Sep 29 21:00:09 +0000 2018,1.0,0.0,@NYTimes,0.0,The clock has begun ticking on the one-week FBI investigation into sexual misconduct allegations made against Brett‚Ä¶ https://t.co/2iTIWCs99o,26
426,0.0,Sat Sep 29 20:45:01 +0000 2018,1.0,0.0,@NYTimes,0.0,A 2016 law in France penalized paying for sex instead of selling it. But some prostitutes say that law puts them in‚Ä¶ https://t.co/Cr8QXhubCD,27
427,-0.6159,Sat Sep 29 20:31:08 +0000 2018,0.799,0.201,@NYTimes,0.0,"After 45 years, more than 1,000 fights and some of the most lucrative and controversial matches of all time, HBO is‚Ä¶ https://t.co/4mMsRAGgP2",28
428,-0.3612,Sat Sep 29 20:15:06 +0000 2018,0.889,0.111,@NYTimes,0.0,"""Rarely has the reputation of a leader fallen so far, so fast."" Aung San Suu Kyi: Nobel laureate, democracy icon an‚Ä¶ https://t.co/mZsqBBfYGG",29
429,0.128,Sat Sep 29 20:02:02 +0000 2018,0.595,0.175,@NYTimes,0.23,Golf Digest and college students helped free a man wrongly convicted of murder. Here's the week in good news. https://t.co/yzDgXavDaQ,30
430,0.0,Sat Sep 29 20:00:03 +0000 2018,1.0,0.0,@NYTimes,0.0,"A Sloan Kettering executive will give up his $1.4 million stake in a biotech start-up, as the hospital re-examines‚Ä¶ https://t.co/0yV9ZY68y7",31
431,-0.1027,Sat Sep 29 19:45:07 +0000 2018,0.928,0.072,@NYTimes,0.0,Text messages that were supposed to warn Indonesians of a possible tsunami were foiled when cellphone towers were d‚Ä¶ https://t.co/A3nTUxRGuF,32
432,0.8271,Sat Sep 29 19:30:05 +0000 2018,0.633,0.0,@NYTimes,0.367,"He was always smiling, always laughing and running, like the average 4-year-old,‚Äù a neighbor said. ‚ÄúThat‚Äôs why this‚Ä¶ https://t.co/cZNILgbREW",33
433,0.0,Sat Sep 29 19:17:11 +0000 2018,1.0,0.0,@NYTimes,0.0,"In Opinion
Op-Ed contributor Sarah Hepola writes, ""I cannot know whether Judge Kavanaugh experienced a blackout. Bu‚Ä¶ https://t.co/WYAFRRh0Mq",34
434,0.0,Sat Sep 29 19:00:14 +0000 2018,1.0,0.0,@NYTimes,0.0,"Did you stay up to date this week? Find out with this week's news quiz.
https://t.co/RrFhnBzf7H",35
435,0.0,Sat Sep 29 18:55:04 +0000 2018,1.0,0.0,@NYTimes,0.0,"The booming housing market is slowing down. Years of breakneck price increases have outpaced wages, and buyers have‚Ä¶ https://t.co/L4av1FXzA9",36
436,-0.4215,Sat Sep 29 18:40:01 +0000 2018,0.859,0.141,@NYTimes,0.0,"With their indignant eruptions in the Senate, Brett Kavanaugh and Lindsey Graham took a page from President Trump's‚Ä¶ https://t.co/Y6GaKJHoMP",37
437,0.6908,Sat Sep 29 18:25:05 +0000 2018,0.705,0.05,@NYTimes,0.245,RT @nytimesbusiness: The White House Council of Economic Advisers calculates that increasingly generous paid leave benefits mean that the a‚Ä¶,38
438,0.0,Sat Sep 29 18:10:05 +0000 2018,1.0,0.0,@NYTimes,0.0,"Organizers have announced a date for the 2019 Women's March, which will be held in Washington with sister demonstra‚Ä¶ https://t.co/6b1sZxT5RE",39
439,0.2617,Sat Sep 29 17:55:03 +0000 2018,0.767,0.091,@NYTimes,0.141,The invisible recession: A major economic event in 2016 escaped much public notice. But its impact was huge. https://t.co/HkKRiSBiOw,40
440,0.3612,Sat Sep 29 17:43:26 +0000 2018,0.884,0.0,@NYTimes,0.116,"Our 52 Places Traveler visits the Italian Dolomites and finds mountains like a ""crowd of pious giants frozen in sto‚Ä¶ https://t.co/w9KvaH0hgw",41
441,0.0,Sat Sep 29 17:25:56 +0000 2018,1.0,0.0,@NYTimes,0.0,Sign up to get the Race/Related newsletter by email https://t.co/j1V640Odl3,42
442,0.0,Sat Sep 29 17:25:09 +0000 2018,1.0,0.0,@NYTimes,0.0,"""Black women‚Äôs feminist contributions are very often erased,"" the novelist Tayari Jones observed. But their influen‚Ä¶ https://t.co/CG1Gty3FJw",43
443,0.0,Sat Sep 29 17:11:05 +0000 2018,1.0,0.0,@NYTimes,0.0,"At this very moment, The Upshot and Siena College pollsters are making phone calls across America. You call follow‚Ä¶ https://t.co/FEh7w3EIsH",44
444,0.3919,Sat Sep 29 16:55:01 +0000 2018,0.865,0.0,@NYTimes,0.135,"Christine Blasey Ford's composed, but wrenching, testimony was ""a stark reminder of the gender dynamics, and mental‚Ä¶ https://t.co/QRAo9fYkb6",45
445,-0.296,Sat Sep 29 16:40:07 +0000 2018,0.901,0.099,@NYTimes,0.0,A sleepless night and pressure from all sides: Inside the 24 hours that led Senator Jeff Flake to call to investiga‚Ä¶ https://t.co/cnfYEQkQcE,46
446,-0.2612,Sat Sep 29 16:20:03 +0000 2018,0.765,0.155,@NYTimes,0.08,"RT @nytopinion: I never felt compelled to share my story before, because it is so common, because so many women have been through worse. Bu‚Ä¶",47
447,0.0,Sat Sep 29 16:05:08 +0000 2018,1.0,0.0,@NYTimes,0.0,"Marty Balin, the founder, lead singer and songwriter for Jefferson Airplane and key member of Jefferson Starship, d‚Ä¶ https://t.co/Soyr6U4eID",48
448,-0.5267,Sat Sep 29 15:55:06 +0000 2018,0.805,0.195,@NYTimes,0.0,"Brett Kavanaugh‚Äôs testimony raised questions about his neutrality and temperament, threatening the already fragile‚Ä¶ https://t.co/pyz4RGBCmF",49
449,0.7579,Sat Sep 29 15:40:05 +0000 2018,0.746,0.0,@NYTimes,0.254,"""I feel like it was a message being sent: 'Don‚Äôt be like Tara or you will end up like Tara,'"" one woman said of the‚Ä¶ https://t.co/ZO6fAkjXHT",50
450,-0.296,Sat Sep 29 15:25:05 +0000 2018,0.885,0.115,@NYTimes,0.0,The parents of this 6-year-old boy believed his speech difficulties were due to developmental delays. Then a dentis‚Ä¶ https://t.co/ag4Kk6ekJ5,51
451,0.34,Sat Sep 29 15:12:04 +0000 2018,0.876,0.0,@NYTimes,0.124,"In a unanimous vote, Canadian lawmakers move to strip Daw Aung San Suu Kyi of her honorary citizenship https://t.co/KBI7JlUI2h",52
452,-0.5719,Sat Sep 29 14:55:06 +0000 2018,0.802,0.198,@NYTimes,0.0,"Christine Blasey Ford‚Äôs searing testimony before the Senate Judiciary Committee, and Brett Kavanaugh‚Äôs furious resp‚Ä¶ https://t.co/UjbN3YWdSi",53
453,-0.9042,Sat Sep 29 14:41:54 +0000 2018,0.663,0.337,@NYTimes,0.0,"RT @NYTScience: ‚ÄúIf you are too upset, you are crazy. If you are not upset enough, people don‚Äôt believe you were raped. So you have to be j‚Ä¶",54
454,0.5859,Sat Sep 29 14:25:05 +0000 2018,0.78,0.0,@NYTimes,0.22,"""They played football, they joined a fraternity, they drank and partied, and it's just part of Americana: That's ho‚Ä¶ https://t.co/EG27RVgRnK",55
455,0.0,Sat Sep 29 14:10:08 +0000 2018,1.0,0.0,@NYTimes,0.0,"""The Simpsons"" is turning 30, and the Simpsons haven't aged a day. But they have evolved, as the culture has with t‚Ä¶ https://t.co/ma5XF4aF1G",56
456,0.0,Sat Sep 29 14:05:05 +0000 2018,1.0,0.0,@NYTimes,0.0,"California Republican Rep. Duncan Hunter, himself indicted for misuse of campaign funds, launches ad suggesting his‚Ä¶ https://t.co/poEJN8D4dP",57
457,0.3818,Sat Sep 29 13:50:04 +0000 2018,0.86,0.0,@NYTimes,0.14,Here are 3 things an FBI investigation into Christine Blasey Ford's allegations against Kavanaugh could clear up. https://t.co/pYa7vXEijl,58
458,-0.886,Sat Sep 29 13:36:20 +0000 2018,0.646,0.354,@NYTimes,0.0,"An earthquake and tsunami in Indonesia has killed nearly 400 people in one city alone, and the death toll could ris‚Ä¶ https://t.co/McBorQCrn7",59
459,0.5267,Sat Sep 29 13:31:53 +0000 2018,0.595,0.0,@NYTimes,0.405,"Today, be kind to yourself
https://t.co/t4zSIkZ2bA",60
460,-0.1027,Sat Sep 29 13:15:06 +0000 2018,0.746,0.136,@NYTimes,0.118,"Recently widowed, they each joined a college program designed to keep older adults active and social. There, they f‚Ä¶ https://t.co/yZYzPPfzs4",61
461,0.4767,Sat Sep 29 13:06:49 +0000 2018,0.838,0.0,@NYTimes,0.162,"The Times fact-checked Brett Kavanaugh's hearing testimony about his drinking habits and whether friends had ""refut‚Ä¶ https://t.co/5iwyo3W7fK",62
462,0.0,Sat Sep 29 13:02:07 +0000 2018,1.0,0.0,@NYTimes,0.0,"International readers from South Africa to Scotland told us that they watched the Kavanaugh hearing: ""I don‚Äôt think‚Ä¶ https://t.co/fSnOcku47s",63
463,0.6369,Sat Sep 29 12:42:06 +0000 2018,0.826,0.0,@NYTimes,0.174,"Modern Love: ""I didn‚Äôt meet my girlfriend, Jessica, until 12 years after our daughter, Alice, was born. Let me expl‚Ä¶ https://t.co/RK6UxTnkIo",64
464,-0.8555,Sat Sep 29 12:22:04 +0000 2018,0.63,0.37,@NYTimes,0.0,Scraps of a former NFL lineman‚Äôs diary found after his death offer a painful glimpse of a football player losing hi‚Ä¶ https://t.co/dCXMjYGPjF,65
465,-0.3182,Sat Sep 29 12:02:02 +0000 2018,0.777,0.223,@NYTimes,0.0,"How the FBI will investigate the Kavanaugh accusations
https://t.co/qAgTITm5RS",66
466,-0.8591,Sat Sep 29 11:42:04 +0000 2018,0.627,0.373,@NYTimes,0.0,Facebook said that attackers exploited a weakness that enabled them to hijack the accounts of nearly 50 million use‚Ä¶ https://t.co/07YBUT2bjk,67
467,-0.4939,Sat Sep 29 11:22:01 +0000 2018,0.856,0.144,@NYTimes,0.0,"RT @nytopinion: Kavanaugh's performance on Thursday was right out of Norman Rockwell with a touch of ""Mad Men,"" writes @NYTimesCohen https:‚Ä¶",68
468,-0.2263,Sat Sep 29 11:02:06 +0000 2018,0.84,0.16,@NYTimes,0.0,"Kids‚Äô brainpower tied to exercise, sleep and limited screen time https://t.co/VfNqmeCgFt",69
469,0.0,Sat Sep 29 10:32:01 +0000 2018,1.0,0.0,@NYTimes,0.0,"RT @nytrealestate: There's a reason why they call it ""staging a house"" - when you put your house on the market, it's not a place to live an‚Ä¶",70
470,0.4404,Sat Sep 29 10:22:34 +0000 2018,0.775,0.0,@NYTimes,0.225,"The Week in Good News: A Medical Breakthrough, a Sound Journey, Robyn https://t.co/KCUDQUwzUr",71
471,0.0,Sat Sep 29 10:15:34 +0000 2018,1.0,0.0,@NYTimes,0.0,Page to Screen: What to Read Before Heading to Movie Theaters This Fall https://t.co/FAqizfH6yk,72
472,0.7003,Sat Sep 29 10:05:34 +0000 2018,0.746,0.0,@NYTimes,0.254,"Chicken francese, sometimes called chicken French, is one of those rare restaurant dishes that's truly easy to cook‚Ä¶ https://t.co/6dkng0Ttao",73
473,0.765,Sat Sep 29 09:48:10 +0000 2018,0.577,0.085,@NYTimes,0.338,Having all the right cholesterol numbers and staying active is no guarantee your heart is in great shape https://t.co/zGk7vB2zM4,74
474,-0.4228,Sat Sep 29 09:32:05 +0000 2018,0.73,0.186,@NYTimes,0.084,"RT @RorySmith: A curious quote here, a bad result there, a slightly dodgy WiFi connection: it doesn‚Äôt take much to send Man Utd over the ed‚Ä¶",75
475,0.0,Sat Sep 29 09:09:36 +0000 2018,1.0,0.0,@NYTimes,0.0,This one-pan shrimp enchiladas verde recipe is as simple to make as it is tasty https://t.co/Lmw7eO1XAA https://t.co/Je0c16XmFx,76
476,0.2263,Sat Sep 29 08:52:09 +0000 2018,0.853,0.0,@NYTimes,0.147,The New Birds and Bees: Teaching Kids About Boundaries and Consent https://t.co/mVrenFA8HP,77
477,-0.3818,Sat Sep 29 08:49:55 +0000 2018,0.833,0.167,@NYTimes,0.0,"‚ÄúI don‚Äôt know who got a bigger fright: the seal, me or the octopus‚Äù https://t.co/gxayw44IQq",78
478,-0.9274,Sat Sep 29 08:32:01 +0000 2018,0.552,0.448,@NYTimes,0.0,RT @nytimesworld: Seven men arrested in the Netherlands were arrested on charges of planning to attack a mass event with AK-47s and bomb be‚Ä¶,79
479,0.0,Sat Sep 29 08:05:21 +0000 2018,1.0,0.0,@NYTimes,0.0,McKinsey &amp; Company is advising the Puerto Rican government on a financial overhaul to lighten its crippling debts.‚Ä¶ https://t.co/E1uRYpKeLb,80
480,-0.7579,Sat Sep 29 08:04:42 +0000 2018,0.723,0.277,@NYTimes,0.0,Breaking News: Nearly 400 people were killed when an earthquake and a tsunami struck the Indonesian island of Sulaw‚Ä¶ https://t.co/4pQUmpMggT,81
481,-0.5106,Sat Sep 29 07:48:16 +0000 2018,0.852,0.148,@NYTimes,0.0,A program intended to wipe away the student loans of qualifying public servants rejected more than 99% of those who‚Ä¶ https://t.co/06as1CWjkT,82
482,0.5423,Sat Sep 29 07:32:00 +0000 2018,0.809,0.0,@NYTimes,0.191,RT @comradewong: 1. Secretary of State Mike Pompeo made a surprise announcement on the closing of the Basra consulate. Cited security reaso‚Ä¶,83
483,-0.7665,Sat Sep 29 07:28:43 +0000 2018,0.602,0.398,@NYTimes,0.0,A Prostitute Was Killed in France. Is a New Law Partly to Blame? https://t.co/bmp3PFRMJz,84
484,0.0,Sat Sep 29 07:06:16 +0000 2018,1.0,0.0,@NYTimes,0.0,"In case you're listening to Robyn's new song, ""Honey,"" on repeat...  https://t.co/JG85JYu0RX",85
485,0.0,Sat Sep 29 06:50:05 +0000 2018,1.0,0.0,@NYTimes,0.0,Scientists reported the first discovery of all-female termite societies ‚Äî¬†researchers did not find a single male https://t.co/wSUj2xJy05,86
486,0.2617,Sat Sep 29 06:32:06 +0000 2018,0.903,0.0,@NYTimes,0.097,"RT @HernandezJavier: The young activists are model students &amp; ardent communists, singing socialist anthems and quoting Mao. But China's lea‚Ä¶",87
487,0.0,Sat Sep 29 06:15:52 +0000 2018,1.0,0.0,@NYTimes,0.0,"Lady Gaga and Bradley Cooper are in the sha-ha-sha-hallow, and Lil Wayne's long-delayed album is here. Here's the w‚Ä¶ https://t.co/PKWMDlw9Cw",88
488,-0.2023,Sat Sep 29 05:59:31 +0000 2018,0.602,0.223,@NYTimes,0.175,Good science means publishing negative results. It doesn't happen nearly enough. https://t.co/bDl1g2jQTG,89
489,-0.1027,Sat Sep 29 05:42:03 +0000 2018,0.82,0.098,@NYTimes,0.082,RT @NYTScience: Research into these termite colonies in Japan is the first to demonstrate that males can be discarded from advanced societi‚Ä¶,90
490,0.4404,Sat Sep 29 05:22:06 +0000 2018,0.693,0.091,@NYTimes,0.216,"Social Security faces a projected shortfall in about 16 years, when benefits would be cut by roughly 20%. Lawmakers‚Ä¶ https://t.co/2NMThx4CH0",91
491,0.6369,Sat Sep 29 05:02:02 +0000 2018,0.802,0.0,@NYTimes,0.198,"In a world that relentlessly enforces limits, the love of a pet is a refuge for unconstrained emotion, especially f‚Ä¶ https://t.co/9EUUOR1Mgl",92
492,-0.8176,Sat Sep 29 04:42:05 +0000 2018,0.679,0.321,@NYTimes,0.0,"A tsunami kills dozens in Indonesia, and an aid worker fears the toll will rise: ‚ÄúI‚Äôm worried about people who migh‚Ä¶ https://t.co/f6YPK34FKh",93
493,0.0,Sat Sep 29 04:21:03 +0000 2018,1.0,0.0,@NYTimes,0.0,"By the time it closes, it will be the 25th-longest-running Broadway production in history https://t.co/W6UiJdZAFn",94
494,0.0,Sat Sep 29 04:16:58 +0000 2018,1.0,0.0,@NYTimes,0.0,"Marty Balin, a Founder of Jefferson Airplane, Dies at 76 https://t.co/IEviiYSSJb",95
495,-0.3182,Sat Sep 29 04:02:01 +0000 2018,0.731,0.142,@NYTimes,0.128,"RT @nytpolitics: Representative Duncan Hunter has released a startling attack against his Democratic challenger, suggesting that he is an I‚Ä¶",96
496,0.0,Sat Sep 29 03:47:06 +0000 2018,1.0,0.0,@NYTimes,0.0,"While many NASA astronauts have auctioned off items decades ago, ‚ÄúNeil Armstrong never did that,‚Äù an auction offici‚Ä¶ https://t.co/eaErJ25Fx2",97
497,-0.3612,Sat Sep 29 03:32:02 +0000 2018,0.889,0.111,@NYTimes,0.0,"RT @mmcintire: NEW: ‚ÄúWhat emerges is the image of a skilled lawyer who, when pressed on difficult subjects, sometimes crafted responses tha‚Ä¶",98
498,0.0,Sat Sep 29 03:17:05 +0000 2018,1.0,0.0,@NYTimes,0.0,"International readers from South Africa to Scotland told us that they watched the Kavanaugh hearing: ""I don‚Äôt think‚Ä¶ https://t.co/vPeubxVAx2",99
499,-0.6369,Sat Sep 29 03:02:02 +0000 2018,0.766,0.234,@NYTimes,0.0,RT @dgelles: NEW: The story behind the lawsuit with details of the proposed settlement that Elon rejected. w ‚Å¶@MattGoldstein26‚Å© ‚Å¶@FlitterOn‚Ä¶,100
